,Compound,Negative,Neutral,Positive,Tweet Date,Tweet Text,Tweets Ago,User
0,0.0,0.0,1.0,0.0,Mon Jul 30 18:04:22 +0000 2018,RT @iwitteronandon: @Lozzerdude @TheStephenRalph @Femi_Sorry @LowTaxChloe @BBCNews @BBC @the_tpa The new remain strategy was immediately ob‚Ä¶,1,@BBC
1,0.0,0.0,1.0,0.0,Mon Jul 30 18:04:19 +0000 2018,@BBC #nomorebbcpropaganda,2,@BBC
2,0.0,0.0,1.0,0.0,Mon Jul 30 18:04:11 +0000 2018,"RT @mikegalsworthy: The @BBC seems to have developed a cosy chum network of rightwing think-tanks... Tax Payers‚Äô Alliance, IEA, Adam Smith‚Ä¶",3,@BBC
3,0.0,0.0,1.0,0.0,Mon Jul 30 18:04:08 +0000 2018,"RT @mikegalsworthy: The @BBC seems to have developed a cosy chum network of rightwing think-tanks... Tax Payers‚Äô Alliance, IEA, Adam Smith‚Ä¶",4,@BBC
4,-0.0772,0.071,0.929,0.0,Mon Jul 30 18:03:51 +0000 2018,@ChloeBirdVW @malpawzielonym @BBC Option imposed on me (trousers) along with specific upbringing was not in line wi‚Ä¶ https://t.co/6uxuObXRKh,5,@BBC
5,0.0,0.0,1.0,0.0,Mon Jul 30 18:03:50 +0000 2018,RT @campbellclaret: A headline you will never see on the @bbc until it refinds its bottle and purpose https://t.co/czqeuabJKC,6,@BBC
6,0.0,0.0,1.0,0.0,Mon Jul 30 18:03:34 +0000 2018,RT @campbellclaret: A headline you will never see on the @bbc until it refinds its bottle and purpose https://t.co/czqeuabJKC,7,@BBC
7,-0.296,0.155,0.845,0.0,Mon Jul 30 18:03:33 +0000 2018,"RT @GoingPostalBlog: No, Prime Minister, by @BillQuango - https://t.co/BzincSjO0w 
@Conservatives #Elections #EuropeanUnion #Literature #Po‚Ä¶",8,@BBC
8,0.0,0.0,1.0,0.0,Mon Jul 30 18:03:04 +0000 2018,@21WIRE @BBC @navalny Indeed. The aim is to probe Russian society and to understand the current boundaries of socia‚Ä¶ https://t.co/GgsBBC7M1h,9,@BBC
9,0.4767,0.0,0.881,0.119,Mon Jul 30 18:02:57 +0000 2018,"RT @BBC: ‚ù§Ô∏è The reaction when this little girl showed her school friends her new sports blade gives us all the feels. 
#InternationalFriend‚Ä¶",10,@BBC
10,0.4767,0.0,0.881,0.119,Mon Jul 30 18:02:55 +0000 2018,"RT @BBC: ‚ù§Ô∏è The reaction when this little girl showed her school friends her new sports blade gives us all the feels. 
#InternationalFriend‚Ä¶",11,@BBC
11,0.7818,0.0,0.422,0.578,Mon Jul 30 18:02:50 +0000 2018,@BBC @ThriveApproach Very precious moment üòå,12,@BBC
12,0.0,0.0,1.0,0.0,Mon Jul 30 18:02:49 +0000 2018,@campbellclaret @BBC I think it's more a case of Britain turning against May and her Cabinet of clowns.,13,@BBC
13,0.0,0.0,1.0,0.0,Mon Jul 30 18:02:48 +0000 2018,@bbc,14,@BBC
14,0.0,0.0,1.0,0.0,Mon Jul 30 18:02:34 +0000 2018,"RT @mikegalsworthy: The @BBC seems to have developed a cosy chum network of rightwing think-tanks... Tax Payers‚Äô Alliance, IEA, Adam Smith‚Ä¶",15,@BBC
15,0.0,0.0,1.0,0.0,Mon Jul 30 18:02:31 +0000 2018,RT @BBC: What makes you resilient? https://t.co/cZS96s7bv0,16,@BBC
16,0.0,0.0,1.0,0.0,Mon Jul 30 18:02:26 +0000 2018,"RT @RamjiVe02121148: „Ç∑„É£„Ç§„Éã„É≥„Ç∞„Éû„É≥„Éá„Éº 
#FelizLunes  
#‡§ß‡§∞‡§§‡•Ä‡§ï‡•ã‡§∏‡•ç‡§µ‡§∞‡•ç‡§ó‡§¨‡§®‡§æ‡§®‡§æ‡§π‡•à  
‡§Ö‡§¨ ‡§π‡§Æ ‡§Ö‡§™‡§®‡•á ‡§¨‡§ö‡•ç‡§ö‡•ã‡§Ç ‡§ï‡•ã ‡§∏‡§§‡•ç‡§∏‡§Ç‡§ó ‡§Æ‡•á‡§Ç ‡§≠‡•á‡§ú‡•á‡§Ç‡§ó‡•á ‡§ú‡§ø‡§∏‡§∏‡•á ‡§µ‡§π ‡§ó‡§≤‡§§ ‡§µ‡•ç‡§Ø‡§µ‡§π‡§æ‡§∞ ‡§ï‡•ã ‡§¨‡§¶‡§≤‚Ä¶",17,@BBC
17,0.0,0.0,1.0,0.0,Mon Jul 30 18:02:22 +0000 2018,@bbc,18,@BBC
18,0.0,0.0,1.0,0.0,Mon Jul 30 18:02:22 +0000 2018,RT @PWoodfall: @GoldenOldieC @Skylark4freedom @beforethestars @Just2BiZI @whereangelsdare @ChivalryAnon @TracyTlm45 @Fredthefish2 @javaidSh‚Ä¶,19,@BBC
19,0.0,0.0,1.0,0.0,Mon Jul 30 18:02:15 +0000 2018,"RT @mikegalsworthy: The @BBC seems to have developed a cosy chum network of rightwing think-tanks... Tax Payers‚Äô Alliance, IEA, Adam Smith‚Ä¶",20,@BBC
20,0.5719,0.0,0.837,0.163,Mon Jul 30 18:02:04 +0000 2018,"RT @solange_lebourg: By a BBC journalist: an excellent summary of the issues with @BBC's inaccurate and unbalanced reporting of brexit.

 h‚Ä¶",21,@BBC
21,0.0,0.0,1.0,0.0,Mon Jul 30 18:02:00 +0000 2018,RT @campbellclaret: A headline you will never see on the @bbc until it refinds its bottle and purpose https://t.co/czqeuabJKC,22,@BBC
22,0.0,0.0,1.0,0.0,Mon Jul 30 18:01:59 +0000 2018,RT @PWoodfall: @GoldenOldieC @Skylark4freedom @beforethestars @Just2BiZI @whereangelsdare @ChivalryAnon @TracyTlm45 @Fredthefish2 @javaidSh‚Ä¶,23,@BBC
23,0.0,0.0,1.0,0.0,Mon Jul 30 18:01:55 +0000 2018,RT @wally3032: @penfold29 @BBC I gender-stereotyped my children. I bought my boys up dressed in boys clothes and my daughter dressed in gir‚Ä¶,24,@BBC
24,0.2732,0.0,0.884,0.116,Mon Jul 30 18:01:54 +0000 2018,@campbellclaret @BBC BBC just needs to revisit - and get back to - its agreed Charter Principles. Whyever not.,25,@BBC
25,0.3182,0.0,0.813,0.187,Mon Jul 30 18:01:49 +0000 2018,"RT @BBC: Are you sure you don‚Äôt gender-stereotype children?
#NoMoreBoysAndGirls https://t.co/iThZ2P6REW",26,@BBC
26,0.8442,0.096,0.498,0.406,Mon Jul 30 18:01:42 +0000 2018,@BBC I definitely gender-stereotyped my children. 100% And they are perfectly happy and crushing through life. Good‚Ä¶ https://t.co/AVelYDbuCt,27,@BBC
27,0.0,0.0,1.0,0.0,Mon Jul 30 18:01:41 +0000 2018,RT @TheStephenRalph: @Femi_Sorry @LowTaxChloe Imagine being given numerous appearances on @BBCNews and other @BBC current affairs programne‚Ä¶,28,@BBC
28,0.0,0.0,1.0,0.0,Mon Jul 30 18:01:37 +0000 2018,RT @campbellclaret: A headline you will never see on the @bbc until it refinds its bottle and purpose https://t.co/czqeuabJKC,29,@BBC
29,0.0258,0.094,0.809,0.098,Mon Jul 30 18:01:35 +0000 2018,"This in no way proves gender is a social construct, there is biology RT @BBC: Are you sure you don‚Äôt gender-stereot‚Ä¶ https://t.co/BbAVEIG4yM",30,@BBC
30,0.5719,0.0,0.837,0.163,Mon Jul 30 18:01:13 +0000 2018,"RT @solange_lebourg: By a BBC journalist: an excellent summary of the issues with @BBC's inaccurate and unbalanced reporting of brexit.

 h‚Ä¶",31,@BBC
31,0.0,0.0,1.0,0.0,Mon Jul 30 18:01:12 +0000 2018,"#VoveranBan 
#‡§´‡•å‡§ú‡•Ä_‡§ï‡§æ_‡§Ö‡§™‡§Æ‡§æ‡§®
‡§∏‡§≠‡•Ä ‡§≤‡•ã‡§ó ‡§Ö‡§µ‡§∂‡•ç‡§Ø ‡§¶‡•á‡§ñ‡§ø‡§Ø‡•á ‡§π‡§∞‡§ø‡§Ø‡§æ‡§£‡§æ ‡§ï‡•Ä #‡§ñ‡•Ç‡§®‡•Ä_‡§∏‡§∞‡§ï‡§æ‡§∞ ‡§ï‡§æ ‡§Ö‡§∏‡§≤‡•Ä ‡§ö‡•á‡§π‡§∞‡§æ 
üëáüëá 
@BBC
@rashtrapatibhvn‚Ä¶ https://t.co/f9z2OCXbeH",32,@BBC
32,0.0,0.0,1.0,0.0,Mon Jul 30 18:01:09 +0000 2018,RT @TheStephenRalph: @Femi_Sorry @LowTaxChloe Imagine being given numerous appearances on @BBCNews and other @BBC current affairs programne‚Ä¶,33,@BBC
33,-0.296,0.18,0.82,0.0,Mon Jul 30 18:01:08 +0000 2018,"No, Prime Minister, by @BillQuango - https://t.co/BzincSjO0w 
@Conservatives #Elections #EuropeanUnion #Literature‚Ä¶ https://t.co/hh1pcAomRG",34,@BBC
34,0.0,0.0,1.0,0.0,Mon Jul 30 18:01:07 +0000 2018,"RT @mikegalsworthy: The @BBC seems to have developed a cosy chum network of rightwing think-tanks... Tax Payers‚Äô Alliance, IEA, Adam Smith‚Ä¶",35,@BBC
35,0.0,0.0,1.0,0.0,Mon Jul 30 18:01:07 +0000 2018,RT @BBC: What makes you resilient? https://t.co/cZS96s7bv0,36,@BBC
36,0.0,0.0,1.0,0.0,Mon Jul 30 18:00:50 +0000 2018,RT @campbellclaret: A headline you will never see on the @bbc until it refinds its bottle and purpose https://t.co/czqeuabJKC,37,@BBC
37,0.1027,0.085,0.814,0.101,Mon Jul 30 18:00:48 +0000 2018,"RT @jjs999jjs: Dear @BBC  due to the censorship of
@WingsScotland
@moridura 
I will not be paying your TV licence fee anymore
I refuse to p‚Ä¶",38,@BBC
38,0.0,0.0,1.0,0.0,Mon Jul 30 18:00:44 +0000 2018,@BBC calling a boy a boy is not gender stereotyping. its stating a fact.,39,@BBC
39,0.3612,0.0,0.865,0.135,Mon Jul 30 18:00:37 +0000 2018,@Outside_Margina @solange_lebourg @BBC @Twitter @w3c Thank you for that. Didn't really think there was anything muc‚Ä¶ https://t.co/geiK78BlDS,40,@BBC
40,0.0,0.0,1.0,0.0,Mon Jul 30 18:00:32 +0000 2018,"@lumi_1984 @JessicaHol .@BBC if that is so we're are they equivalent action and closure of pro-unionist channels.
O‚Ä¶ https://t.co/UMbO67TEhZ",41,@BBC
41,0.0,0.0,1.0,0.0,Mon Jul 30 18:00:27 +0000 2018,RT @WingsScotland: @broadcastscot @politicaIicious @SiobhanSynnot @GASPurves @RowanB_rb @BBCScotland @moridura @YouTube @BBC @AlynSmith It‚Ä¶,42,@BBC
42,-0.438,0.116,0.884,0.0,Mon Jul 30 18:00:16 +0000 2018,"RT @Big_Wookiee: Its perhaps taken too long on my part after 2014, but I cannot support what has happened to @WingsScotland and have finall‚Ä¶",43,@BBC
43,0.1278,0.131,0.722,0.147,Mon Jul 30 17:59:49 +0000 2018,"@BBC When I left for work this morning you were babbling on about Love Island. I get in from work, and guess what? It's quite pathetic!",44,@BBC
44,0.0,0.0,1.0,0.0,Mon Jul 30 17:59:47 +0000 2018,"RT @mikegalsworthy: The @BBC seems to have developed a cosy chum network of rightwing think-tanks... Tax Payers‚Äô Alliance, IEA, Adam Smith‚Ä¶",45,@BBC
45,-0.4215,0.177,0.823,0.0,Mon Jul 30 17:59:47 +0000 2018,@BBC And the public is paying for the BBC to waste money  on this,46,@BBC
46,0.128,0.096,0.786,0.118,Mon Jul 30 17:59:39 +0000 2018,"RT @ScotWedPhotos: I refuse to fund Fascism, I would be breaking the law to support any broadcast organisation which is politically motivat‚Ä¶",47,@BBC
47,0.0,0.0,1.0,0.0,Mon Jul 30 17:59:36 +0000 2018,"RT @mikegalsworthy: The @BBC seems to have developed a cosy chum network of rightwing think-tanks... Tax Payers‚Äô Alliance, IEA, Adam Smith‚Ä¶",48,@BBC
48,0.0,0.0,1.0,0.0,Mon Jul 30 17:59:18 +0000 2018,RT @TheStephenRalph: @Femi_Sorry @LowTaxChloe Imagine being given numerous appearances on @BBCNews and other @BBC current affairs programne‚Ä¶,49,@BBC
49,0.0,0.0,1.0,0.0,Mon Jul 30 17:59:14 +0000 2018,RT @wally3032: @penfold29 @BBC I gender-stereotyped my children. I bought my boys up dressed in boys clothes and my daughter dressed in gir‚Ä¶,50,@BBC
50,0.4767,0.0,0.881,0.119,Mon Jul 30 17:59:14 +0000 2018,"RT @BBC: ‚ù§Ô∏è The reaction when this little girl showed her school friends her new sports blade gives us all the feels. 
#InternationalFriend‚Ä¶",51,@BBC
51,-0.7901,0.276,0.724,0.0,Mon Jul 30 17:59:10 +0000 2018,"RT @O_Rich_: The @BBC starts to exploit the ‚Äúpension reform‚Äù topic to say: ‚ÄúHey, look! Evil Putin blocks State TV from highlighting the peo‚Ä¶",52,@BBC
52,0.0,0.0,1.0,0.0,Mon Jul 30 17:59:04 +0000 2018,@O_Rich_ @BBC @navalny Colour Revolution Technology at work.,53,@BBC
53,-0.2878,0.153,0.847,0.0,Mon Jul 30 17:58:59 +0000 2018,@campbellclaret @BBC A survey of 1466 isn't Britain. There's more pages in a dodgy dossier.,54,@BBC
54,0.0,0.0,1.0,0.0,Mon Jul 30 17:58:56 +0000 2018,@PaulbernalUK @BBCNews Ditch the licensee @bbc watch @Channel4News they have proper journalists,55,@BBC
55,0.1027,0.085,0.814,0.101,Mon Jul 30 17:58:51 +0000 2018,"RT @jjs999jjs: Dear @BBC  due to the censorship of
@WingsScotland
@moridura 
I will not be paying your TV licence fee anymore
I refuse to p‚Ä¶",56,@BBC
56,0.0,0.0,1.0,0.0,Mon Jul 30 17:58:48 +0000 2018,RT @campbellclaret: A headline you will never see on the @bbc until it refinds its bottle and purpose https://t.co/czqeuabJKC,57,@BBC
57,0.0,0.0,1.0,0.0,Mon Jul 30 17:58:42 +0000 2018,"RT @mikegalsworthy: The @BBC seems to have developed a cosy chum network of rightwing think-tanks... Tax Payers‚Äô Alliance, IEA, Adam Smith‚Ä¶",58,@BBC
58,-0.9468,0.439,0.561,0.0,Mon Jul 30 17:58:37 +0000 2018,RT @Ashii__Ak: @BBC No one is buying your sick disgusting BS. This is child abuse. You're using children for your own sick goals. You are p‚Ä¶,59,@BBC
59,0.4767,0.0,0.881,0.119,Mon Jul 30 17:58:24 +0000 2018,"RT @BBC: ‚ù§Ô∏è The reaction when this little girl showed her school friends her new sports blade gives us all the feels. 
#InternationalFriend‚Ä¶",60,@BBC
60,0.4767,0.0,0.881,0.119,Mon Jul 30 17:58:06 +0000 2018,"RT @BBC: ‚ù§Ô∏è The reaction when this little girl showed her school friends her new sports blade gives us all the feels. 
#InternationalFriend‚Ä¶",61,@BBC
61,0.0,0.0,1.0,0.0,Mon Jul 30 17:57:58 +0000 2018,@carluke21 @roseannestuart @KayWats_4Yes @BBC @WingsScotland @moridura My understanding is that's it's been quite a‚Ä¶ https://t.co/FbdB9w5JhF,62,@BBC
62,0.296,0.0,0.879,0.121,Mon Jul 30 17:57:57 +0000 2018,@campbellclaret @BBC One of the champagne bottles strewn around Broadcasting House the morning after your creature‚Ä¶ https://t.co/QCA0zc5PcD,63,@BBC
63,0.0,0.0,1.0,0.0,Mon Jul 30 17:57:52 +0000 2018,"RT @BBC: Why Americans will be able to 3D print their own guns from August.

https://t.co/8NR7qFaEZY",64,@BBC
64,0.2732,0.0,0.92,0.08,Mon Jul 30 17:57:49 +0000 2018,"RT @SbBarclay: Well look at this @BBC @BBCNews  @BBCScotland , found this on the Scottish Tory YouTube channel. Is it one rule for us and o‚Ä¶",65,@BBC
65,0.0,0.0,1.0,0.0,Mon Jul 30 17:57:43 +0000 2018,@CaringLawyer @campbellclaret @BBC @SkyNews @Channel4News @guardian @Independent The BBC is what?!!!!,66,@BBC
66,0.0,0.0,1.0,0.0,Mon Jul 30 17:57:38 +0000 2018,RT @campbellclaret: A headline you will never see on the @bbc until it refinds its bottle and purpose https://t.co/czqeuabJKC,67,@BBC
67,0.0,0.0,1.0,0.0,Mon Jul 30 17:57:32 +0000 2018,RT @campbellclaret: A headline you will never see on the @bbc until it refinds its bottle and purpose https://t.co/czqeuabJKC,68,@BBC
68,0.0,0.0,1.0,0.0,Mon Jul 30 17:57:31 +0000 2018,RT @TheStephenRalph: @Femi_Sorry @LowTaxChloe Imagine being given numerous appearances on @BBCNews and other @BBC current affairs programne‚Ä¶,69,@BBC
69,0.4019,0.0,0.769,0.231,Mon Jul 30 17:57:21 +0000 2018,Interesting selection here of @bbc #LGBTQ programming since 1955. https://t.co/rB3HtdKbTe,70,@BBC
70,0.0,0.0,1.0,0.0,Mon Jul 30 17:57:19 +0000 2018,"RT @OliHutch: @JohnDalton6011 @campbellclaret If you need to get hold of the @BBC, presumably they can also be contacted at this address",71,@BBC
71,-0.6249,0.195,0.805,0.0,Mon Jul 30 17:57:15 +0000 2018,"RT @haaxci: This @BBC article is still carrying the ridiculous, debunked, Israeli claim Ahed Tamimi's cousin lied about being shot in the h‚Ä¶",72,@BBC
72,-0.8635,0.44,0.56,0.0,Mon Jul 30 17:57:14 +0000 2018,"@BBC What the hell did i just watch??? 

üòØüòØüòØ

The world has gone mad!",73,@BBC
73,0.5974,0.069,0.722,0.209,Mon Jul 30 17:57:13 +0000 2018,RT @FreeThinker2030: How can the BBC treat its Scottish Licence Payers with so little respect? Time we stopped paying their TV Tax #BinTheT‚Ä¶,74,@BBC
74,0.0,0.0,1.0,0.0,Mon Jul 30 17:57:10 +0000 2018,"RT @mikegalsworthy: The @BBC seems to have developed a cosy chum network of rightwing think-tanks... Tax Payers‚Äô Alliance, IEA, Adam Smith‚Ä¶",75,@BBC
75,0.4767,0.0,0.881,0.119,Mon Jul 30 17:57:03 +0000 2018,"RT @BBC: ‚ù§Ô∏è The reaction when this little girl showed her school friends her new sports blade gives us all the feels. 
#InternationalFriend‚Ä¶",76,@BBC
76,-0.6369,0.512,0.488,0.0,Mon Jul 30 17:56:59 +0000 2018,@prwhittle @UKIP @BBC Child abuse,77,@BBC
77,0.4767,0.0,0.881,0.119,Mon Jul 30 17:56:53 +0000 2018,"RT @BBC: ‚ù§Ô∏è The reaction when this little girl showed her school friends her new sports blade gives us all the feels. 
#InternationalFriend‚Ä¶",78,@BBC
78,0.0,0.0,1.0,0.0,Mon Jul 30 17:56:52 +0000 2018,RT @campbellclaret: A headline you will never see on the @bbc until it refinds its bottle and purpose https://t.co/czqeuabJKC,79,@BBC
79,0.5574,0.092,0.667,0.242,Mon Jul 30 17:56:52 +0000 2018,"RT @Misandry_Kills: #NiponDas
#HimaDas
#FakeCases

Will d #Presstitutes care to protect d identity &amp; #Dignity of an accused b4 his convicti‚Ä¶",80,@BBC
80,0.0,0.0,1.0,0.0,Mon Jul 30 17:56:47 +0000 2018,"RT @mikegalsworthy: The @BBC seems to have developed a cosy chum network of rightwing think-tanks... Tax Payers‚Äô Alliance, IEA, Adam Smith‚Ä¶",81,@BBC
81,0.5719,0.0,0.85,0.15,Mon Jul 30 17:56:44 +0000 2018,RT @sukh_pnesar: #InternationalFriendshipDay is celebrated by @cmohry and CID IG Anil Rao. Who are the master mind of Barwala kand. Both ar‚Ä¶,82,@BBC
82,0.0,0.0,1.0,0.0,Mon Jul 30 17:56:42 +0000 2018,@sampadscales @LaliGanguli @onlyonenetra @sanchat48 @DilPCS @Riteishd @BBC Switch to @DDNewsHindi @loksabhatv @rajyasabhatv,83,@BBC
83,-0.0191,0.067,0.933,0.0,Mon Jul 30 17:56:39 +0000 2018,"RT @BBC: 'Doesn't matter what's written on the packet, wet wipes do not disintegrate.'
#TheFiveBillionPoundSuperSewer https://t.co/Ja9nBFnr‚Ä¶",84,@BBC
84,0.6124,0.0,0.792,0.208,Mon Jul 30 17:56:36 +0000 2018,RT @IAM568: @trevdick @VesperUK @RadioTimes @RaymondSnoddy @BBC That would be like voting for Brexit because you didn't like the EU. Could‚Ä¶,85,@BBC
85,0.7269,0.0,0.724,0.276,Mon Jul 30 17:56:31 +0000 2018,"RT @judith17554: @trevdick @RadioTimes @RaymondSnoddy @BBC I have loved BBC all my life,and thought it a national treasure. I know Cameron‚Ä¶",86,@BBC
86,-0.1027,0.113,0.887,0.0,Mon Jul 30 17:56:19 +0000 2018,@BBC We actually pay for this rubbish? Give me my money back,87,@BBC
87,0.4767,0.0,0.881,0.119,Mon Jul 30 17:56:15 +0000 2018,"RT @BBC: ‚ù§Ô∏è The reaction when this little girl showed her school friends her new sports blade gives us all the feels. 
#InternationalFriend‚Ä¶",88,@BBC
88,-0.5255,0.151,0.849,0.0,Mon Jul 30 17:56:13 +0000 2018,RT @MalcolmFincken: @trevdick @RadioTimes @RaymondSnoddy @BBC I'm disappointed in you for even considering this as an option! The BBC needs‚Ä¶,89,@BBC
89,0.0,0.0,1.0,0.0,Mon Jul 30 17:56:12 +0000 2018,"@UnpubWrites @solange_lebourg @BBC Check the article!
Twitter selects the image from all the images on the page; in‚Ä¶ https://t.co/4ywPGjQrGi",90,@BBC
90,0.4199,0.0,0.883,0.117,Mon Jul 30 17:56:10 +0000 2018,@cher Hi Cher! Would you like to come on the @BBC‚Äôs Brexit themed podcast for a chat? It‚Äôs called #Brexitcast and i‚Ä¶ https://t.co/uhyezzptnj,91,@BBC
91,0.4767,0.0,0.881,0.119,Mon Jul 30 17:56:05 +0000 2018,"RT @BBC: ‚ù§Ô∏è The reaction when this little girl showed her school friends her new sports blade gives us all the feels. 
#InternationalFriend‚Ä¶",92,@BBC
92,0.0,0.0,1.0,0.0,Mon Jul 30 17:56:03 +0000 2018,@campbellclaret @BBC Of course Mr. Campbell wont have the decency to recognise it was a poll taken by a hideously l‚Ä¶ https://t.co/LnEXcseoAE,93,@BBC
93,0.0,0.0,1.0,0.0,Mon Jul 30 17:56:02 +0000 2018,@BBC What horse manure,94,@BBC
94,0.0,0.0,1.0,0.0,Mon Jul 30 17:56:01 +0000 2018,RT @ElaineMuir2: @hambudge @kevinoils_kevin @andrewgmorton @BrianMac168 @BBC @moridura @WingsScotland On the phone now - he says they've ha‚Ä¶,95,@BBC
95,0.6633,0.0,0.811,0.189,Mon Jul 30 17:55:56 +0000 2018,"RT @rick135b7: EXCELLENT OBSERVATIONS AND INSIGHT IN 1949 BY BRITISH OFFICER PETER MURRAY - ON RELIGION, THE SITUATION, AND ETHNIC CHARACTE‚Ä¶",96,@BBC
96,0.0,0.0,1.0,0.0,Mon Jul 30 17:55:55 +0000 2018,"RT @mikegalsworthy: The @BBC seems to have developed a cosy chum network of rightwing think-tanks... Tax Payers‚Äô Alliance, IEA, Adam Smith‚Ä¶",97,@BBC
97,-0.2833,0.184,0.708,0.108,Mon Jul 30 17:55:53 +0000 2018,RT @RaymondSnoddy: @judith17554 @trevdick @RadioTimes @BBC This is difficult - things are not quite as bad as you say the problem is that t‚Ä¶,98,@BBC
98,0.4767,0.0,0.881,0.119,Mon Jul 30 17:55:50 +0000 2018,"RT @BBC: ‚ù§Ô∏è The reaction when this little girl showed her school friends her new sports blade gives us all the feels. 
#InternationalFriend‚Ä¶",99,@BBC
99,0.0,0.0,1.0,0.0,Mon Jul 30 17:55:44 +0000 2018,RT @campbellclaret: A headline you will never see on the @bbc until it refinds its bottle and purpose https://t.co/czqeuabJKC,100,@BBC
100,0.7249,0.0,0.805,0.195,Mon Jul 30 18:04:13 +0000 2018,"RT @_Arnav_Khushi_: Renew #TheCrossing !!! It's legit the best show on the channel... there's so many more things I wanna know about, bring‚Ä¶",1,@CBS
101,0.0,0.0,1.0,0.0,Mon Jul 30 18:03:49 +0000 2018,"RT @DanaScorpion: For the return of #ScorpionDay, we are able to go to the moon ! üåù‚ù§Ô∏èü¶Ç Do you hear that @CBS ? #SaveScorpion https://t.co/j‚Ä¶",2,@CBS
102,0.2263,0.0,0.853,0.147,Mon Jul 30 18:03:20 +0000 2018,@1776Stonewall @maga_fedup I am surprised @CBS ran this. Trying for brownie points I guess.,3,@CBS
103,-0.3818,0.115,0.885,0.0,Mon Jul 30 18:02:10 +0000 2018,"RT @PatriotShugie: MSN Headline: Trump Threatens Government Shut-Down If Dems Don't Approve Border Wall.

IF WE DON'T GET A WALL - WE WON'T‚Ä¶",4,@CBS
104,-0.4588,0.15,0.85,0.0,Mon Jul 30 18:01:54 +0000 2018,This is outrageous that @Lesmoonves has not been immediately removed from his position @CBS In today #Metoomovement‚Ä¶ https://t.co/9Lsi790lfx,5,@CBS
105,0.8309,0.0,0.672,0.328,Mon Jul 30 18:01:38 +0000 2018,RT @crazyxgfwriters: Thank you @CBS and @CBSTVStudios for the delicious donuts on our second day of filming! They were a dream! https://t.c‚Ä¶,6,@CBS
106,0.0,0.0,1.0,0.0,Mon Jul 30 18:01:25 +0000 2018,This should be investigated and reported on. @CNNPolitics  @CBSPolitics @ABCPolitics @ABC @NBC @CBS @MSNBC @CNN‚Ä¶ https://t.co/DT6E28SKSO,7,@CBS
107,0.0,0.0,1.0,0.0,Mon Jul 30 18:01:02 +0000 2018,"TUNE IN: After sexual misconduct allegations against @LeslieMoonves, we discuss the future of @CBS, with @JBFlint,‚Ä¶ https://t.co/jyIwE8V7o3",8,@CBS
108,0.4215,0.0,0.781,0.219,Mon Jul 30 18:00:33 +0000 2018,RT @AquariusClexa10: True real selfless HEDA  #ReverseTheTrope #StopBaitingUs #LexaDeservedBetter #ClarkeDeservedBetter #ClexaDeservedBette‚Ä¶,9,@CBS
109,-0.5423,0.226,0.774,0.0,Mon Jul 30 18:00:02 +0000 2018,ICYMI: @CBS board to meet over Moonves sexual harassment claims. #TVNews https://t.co/UeEMdTjExQ https://t.co/hxck6tldRW,10,@CBS
110,0.4753,0.107,0.704,0.189,Mon Jul 30 17:58:06 +0000 2018,"RT @Corey_Feldman: WOW! A BIT OF BACKSTORY, I HAD A SHOW ON @CBS IN THE 90s, WHICH LESLIE CANCELLED EARLY, 4 UNEXPLAINED REASONS, COINCIDEN‚Ä¶",11,@CBS
111,0.0,0.0,1.0,0.0,Mon Jul 30 17:56:17 +0000 2018,"This should have been, should be a big story. @CNNPolitics  @CBSPolitics @ABCPolitics @ABC @NBC @CBS @MSNBC @CNN‚Ä¶ https://t.co/SivIL9zbMI",12,@CBS
112,0.0258,0.115,0.723,0.162,Mon Jul 30 17:55:54 +0000 2018,"RT @FAVOR_IN_CHRIST: ‚ÄúNews‚Äù companies like @FoxNews, @CNN, @MSNBC, @CBS... want you to believe it would be @realDonaldTrump fault for a gov‚Ä¶",13,@CBS
113,0.0,0.0,1.0,0.0,Mon Jul 30 17:55:35 +0000 2018,"RT @iamgreenfield: Coming this October 
@TheNeighborhood 
Monday nights at 8pm
@CBS 
@CedEntertainer 
@TichinaArnold 
@BethBehrs 
@mrmarcel‚Ä¶",14,@CBS
114,0.0,0.0,1.0,0.0,Mon Jul 30 17:55:27 +0000 2018,Why isn't media talking about this. You only lets Dems on if they talk about investigation and then query that they‚Ä¶ https://t.co/ALbFDtmojn,15,@CBS
115,-0.0772,0.053,0.947,0.0,Mon Jul 30 17:55:12 +0000 2018,RT @SickSicklySher: @Corey_Feldman @CBS Why do you always wait for someone to be exposed before saying oh yea they are one of them  I knew‚Ä¶,16,@CBS
116,0.7964,0.0,0.747,0.253,Mon Jul 30 17:54:50 +0000 2018,"RT @Katalanskt: Amazing human towers built with extreme focus, trust and a rush of adrenaline. A bit of Catalonia very close to the White H‚Ä¶",17,@CBS
117,-0.5267,0.459,0.541,0.0,Mon Jul 30 17:53:50 +0000 2018,@MrsSOsbourne @CBS @JulieChen You're disgusting.,18,@CBS
118,0.0,0.0,1.0,0.0,Mon Jul 30 17:53:03 +0000 2018,@TrumanQuest @Congress @senate @SpeakerRyan @SenMajLdr @DNC @RNC @NBC @CNN @ABC @MSNBC @FoxNews @CBS @CNBC We Will‚Ä¶ https://t.co/jToxuj4EzI,19,@CBS
119,0.0,0.0,1.0,0.0,Mon Jul 30 17:52:50 +0000 2018,"RT @AnaLexaCampos: Give us  #LexaSpinoff with ADC &amp; EJT

@warnerbrostv @CBS @hulu @NetflixLifee @Showtime @AMC_TV @FreeformTV @WarnerBrosEn‚Ä¶",20,@CBS
120,0.7964,0.0,0.747,0.253,Mon Jul 30 17:52:05 +0000 2018,"RT @Katalanskt: Amazing human towers built with extreme focus, trust and a rush of adrenaline. A bit of Catalonia very close to the White H‚Ä¶",21,@CBS
121,-0.296,0.155,0.845,0.0,Mon Jul 30 17:51:40 +0000 2018,@CGasparino @TeamCavuto @CBS @FoxBusiness He‚Äôs no Charlie Rose so he‚Äôll skate. Book it.,22,@CBS
122,0.0,0.0,1.0,0.0,Mon Jul 30 17:51:30 +0000 2018,RT @marycjoyce2: @CNN @NBC @CBS @ABC @MSNBC @washingtonpost @newyorktimes110 @latimes https://t.co/HN5Ze43sFE,23,@CBS
123,-0.6486,0.275,0.725,0.0,Mon Jul 30 17:51:24 +0000 2018,RT @VoicingMyMind: Here's how to stop fake news: @realdonaldtrump @mike_pence @SpeakerRyan @SenateMajLdr @FOXNEWS @foxandfriends @MSNBC @CN‚Ä¶,24,@CBS
124,0.0,0.0,1.0,0.0,Mon Jul 30 17:51:15 +0000 2018,"From the outhouse to the white house,too many""Dogs""in charge,time for real bi+ches to rise in power! @TIMESUPNOW Sa‚Ä¶ https://t.co/5n8cp2zZyY",25,@CBS
125,-0.5423,0.163,0.837,0.0,Mon Jul 30 17:50:37 +0000 2018,Why isn't the media talking about this. Outrageous. You only put Dems on if they talk about investigation.‚Ä¶ https://t.co/LS3kC2CPQ3,26,@CBS
126,0.5434,0.139,0.568,0.293,Mon Jul 30 17:50:11 +0000 2018,"@KrustaRhymes @boldfacedenemy @CBS Honestly, she's been extremely problematic since she won HOH.. calling JC ""that‚Ä¶ https://t.co/5Bi3tLwZpk",27,@CBS
127,0.0,0.0,1.0,0.0,Mon Jul 30 17:48:22 +0000 2018,@nbc @CBS @FOXTV @tntdrama @ABC @TheCW @USA_Network @AmazonStudios @amazon @netflix @hulu @mccumberc @valboreland‚Ä¶ https://t.co/R5MFJY8Qsm,28,@CBS
128,0.34,0.0,0.87,0.13,Mon Jul 30 17:48:19 +0000 2018,RT @TerryStOnge: @smartiekat123 @DebAlwaystrump @realDonaldTrump Non of these people should have security clearance after leaving office of‚Ä¶,29,@CBS
129,0.4843,0.075,0.754,0.171,Mon Jul 30 17:45:50 +0000 2018,Seriously! Are you guys done with creative new shows? What's up with all these 80/90s rehash pandering? Meh!‚Ä¶ https://t.co/aNVcKimGWD,30,@CBS
130,0.4843,0.075,0.754,0.171,Mon Jul 30 17:45:40 +0000 2018,Seriously! Are you guys done with creative new shows? What's up with all these 80/90s rehash pandering? Meh!‚Ä¶ https://t.co/p2UQwo3UjJ,31,@CBS
131,0.2235,0.0,0.918,0.082,Mon Jul 30 17:45:27 +0000 2018,RT @CBSBigBrother: Tonight's post-eviction fall out is NOT to be missed. An all-new #BB20 starts at 8/7c on @CBS and @cbsallaccess: https:/‚Ä¶,32,@CBS
132,0.0,0.0,1.0,0.0,Mon Jul 30 17:44:30 +0000 2018,@dailyblastlive @NewYorker @RonanFarrow @jeffschroeder23 @SamSchacher @EricaCobb @TheBeauDavidson @CBS  https://t.co/UX3Rk0ZEV6,33,@CBS
133,0.4753,0.107,0.704,0.189,Mon Jul 30 17:43:48 +0000 2018,"RT @Corey_Feldman: WOW! A BIT OF BACKSTORY, I HAD A SHOW ON @CBS IN THE 90s, WHICH LESLIE CANCELLED EARLY, 4 UNEXPLAINED REASONS, COINCIDEN‚Ä¶",34,@CBS
134,0.0,0.0,1.0,0.0,Mon Jul 30 17:43:34 +0000 2018,"@CNN @MSNBC @CBS @ABC @NBC

https://t.co/LefXqG3zzF",35,@CBS
135,0.0,0.0,1.0,0.0,Mon Jul 30 17:43:30 +0000 2018,you know what @CBS stands for right ?  Constant BS .. https://t.co/By8FwwM3OP,36,@CBS
136,-0.4215,0.286,0.714,0.0,Mon Jul 30 17:42:57 +0000 2018,@Kamibro @MrsSOsbourne @CBS @JulieChen ...and if he's guilty?,37,@CBS
137,0.0,0.0,1.0,0.0,Mon Jul 30 17:42:52 +0000 2018,@CNN  @ABC  @CBS  @NBC https://t.co/znQgr1DJae,38,@CBS
138,-0.5267,0.254,0.746,0.0,Mon Jul 30 17:42:45 +0000 2018,RT @newsbusters: .@CBS sees corporate conspiracy behind Moonves allegations #TTT https://t.co/mV98jH1E8y,39,@CBS
139,-0.5267,0.254,0.746,0.0,Mon Jul 30 17:42:09 +0000 2018,RT @newsbusters: .@CBS sees corporate conspiracy behind Moonves allegations #TTT https://t.co/mV98jH1E8y,40,@CBS
140,-0.5267,0.254,0.746,0.0,Mon Jul 30 17:42:07 +0000 2018,RT @newsbusters: .@CBS sees corporate conspiracy behind Moonves allegations #TTT https://t.co/mV98jH1E8y,41,@CBS
141,-0.5267,0.254,0.746,0.0,Mon Jul 30 17:41:30 +0000 2018,RT @newsbusters: .@CBS sees corporate conspiracy behind Moonves allegations #TTT https://t.co/mV98jH1E8y,42,@CBS
142,0.296,0.0,0.864,0.136,Mon Jul 30 17:41:28 +0000 2018,@jacman6222 @NunbergSam @CNN @MSNBC @ABC @CBS @nbc @FoxNews Ok - completely understandable - after interviewing Nun‚Ä¶ https://t.co/8PERqrjHhZ,43,@CBS
143,0.5095,0.0,0.859,0.141,Mon Jul 30 17:41:06 +0000 2018,"Does Trump's Tabloid media report this at all? @cnn @abc @cbs @nytimes  so Melania is much more intelligent, she do‚Ä¶ https://t.co/4gvVz8FLNl",44,@CBS
144,0.2235,0.0,0.841,0.159,Mon Jul 30 17:40:21 +0000 2018,@AliaAnnette @MrsSOsbourne @CBS @JulieChen Only that's not what he's accused of.,45,@CBS
145,0.0,0.0,1.0,0.0,Mon Jul 30 17:40:01 +0000 2018,RT @XtremeWorldBags: For Us Citizens https://t.co/a0C28SNnsw @CBS @NBC @BBCNews @ABC @WorldNewsDotCom @NASA #WorldCup2018 #MondayMotivation‚Ä¶,46,@CBS
146,0.0,0.0,1.0,0.0,Mon Jul 30 17:39:55 +0000 2018,For Us Citizens https://t.co/a0C28SNnsw @CBS @NBC @BBCNews @ABC @WorldNewsDotCom @NASA #WorldCup2018‚Ä¶ https://t.co/gk0R9MeHvc,47,@CBS
147,0.0,0.0,1.0,0.0,Mon Jul 30 17:38:57 +0000 2018,"@aliwojo19 @MrsSOsbourne @CBS @JulieChen Alicia, the man is a thorough investigator.  Women are approaching Farrow‚Ä¶ https://t.co/eFwPXqfJYo",48,@CBS
148,-0.6486,0.275,0.725,0.0,Mon Jul 30 17:38:29 +0000 2018,RT @VoicingMyMind: Here's how to stop fake news: @realdonaldtrump @mike_pence @SpeakerRyan @SenateMajLdr @FOXNEWS @foxandfriends @MSNBC @CN‚Ä¶,49,@CBS
149,0.0,0.0,1.0,0.0,Mon Jul 30 17:36:44 +0000 2018,RT @Brianthecivi: @MichaelJPenney @RobertPLewis @HeroesMediagrp @CNN @CBS @ABC @nbc @facebook @Twitter @AP @Rueters @mradambird @BennettTan‚Ä¶,50,@CBS
150,-0.5267,0.298,0.702,0.0,Mon Jul 30 17:36:39 +0000 2018,.@CBS sees corporate conspiracy behind Moonves allegations #TTT https://t.co/mV98jH1E8y,51,@CBS
151,0.7964,0.0,0.747,0.253,Mon Jul 30 17:36:25 +0000 2018,"RT @Katalanskt: Amazing human towers built with extreme focus, trust and a rush of adrenaline. A bit of Catalonia very close to the White H‚Ä¶",52,@CBS
152,-0.3802,0.132,0.868,0.0,Mon Jul 30 17:35:53 +0000 2018,@agrodner22 @CBS Burn the app #power w/o the power holder Beyleigh knowing/control? Is boring! This now helps‚Ä¶ https://t.co/c1O9L8z0ri,53,@CBS
153,0.4871,0.0,0.843,0.157,Mon Jul 30 17:35:18 +0000 2018,How did this article get approved by @CBSSportsCFB ?? You‚Äôre literally denouncing a player for attending classes an‚Ä¶ https://t.co/e9d8vpe99T,54,@CBS
154,0.128,0.0,0.923,0.077,Mon Jul 30 17:31:02 +0000 2018,"RT @johnlundin: Seth Abramson (attorney, professor @UofNH, legal and political analyst @CNN, @BBC, @CBS, @VanityFair) now tweeting that the‚Ä¶",55,@CBS
155,0.2103,0.075,0.82,0.105,Mon Jul 30 17:30:34 +0000 2018,"RT @SuperG24: #BB20Bayleigh tells a white house guest that she will Cut &amp; lay his guts out on the floor, and @CBSBigBrother is OK with that‚Ä¶",56,@CBS
156,0.0,0.0,1.0,0.0,Mon Jul 30 17:29:40 +0000 2018,"RT @MrPEC_Tacular: BREAKING NEWS...

What show was #1 on all of TV YET AGAIN last nt?

YOU KNOW IT:

https://t.co/UyK11yNDBC

EVERY NIGHT.‚Ä¶",57,@CBS
157,0.7821,0.113,0.576,0.311,Mon Jul 30 17:29:37 +0000 2018,"RT @hellofavillain: which network wouldn't want a fanbase like that? we're here, ready to share even more love ‚ô• @AmazonStudios @netflix @C‚Ä¶",58,@CBS
158,0.0,0.0,1.0,0.0,Mon Jul 30 17:28:47 +0000 2018,@CNN @CBS @CBSNews @ABC https://t.co/zLG9nO2ycO,59,@CBS
159,0.7585,0.0,0.763,0.237,Mon Jul 30 17:27:51 +0000 2018,"RT @ThePerezHilton: I would LOVE to do #BBCeleb! But, I don't think it will happen because I'm too eager. But, wouldn't they rather have pe‚Ä¶",60,@CBS
160,0.4019,0.0,0.722,0.278,Mon Jul 30 17:27:48 +0000 2018,"@CaptainBadger79 @FreeformSupport @FreeformTV @tascheim @CBS definitely #SaveShadowhunters
#SaveScorpion",61,@CBS
161,0.0,0.0,1.0,0.0,Mon Jul 30 17:27:41 +0000 2018,Watching @castlerockhulu and @StrangeAngel in preparation for tomorrow's recording sesh! Episodes out in a few week‚Ä¶ https://t.co/BAxqVpAbAB,62,@CBS
162,-0.5106,0.191,0.809,0.0,Mon Jul 30 17:27:26 +0000 2018,RT @CaptainBadger79: @notamundie98 @FreeformSupport @FreeformTV @tascheim @CBS is just a immature and unprofessional to #TeamScorpion. Netw‚Ä¶,63,@CBS
163,-0.5106,0.202,0.798,0.0,Mon Jul 30 17:27:09 +0000 2018,@notamundie98 @FreeformSupport @FreeformTV @tascheim @CBS is just a immature and unprofessional to #TeamScorpion. N‚Ä¶ https://t.co/LxidjSmuuh,64,@CBS
164,0.6124,0.0,0.556,0.444,Mon Jul 30 17:26:19 +0000 2018,@Bo00589 @JulieChen @CBS @CBSBigBrother @Kassting xoxo,65,@CBS
165,-0.5267,0.274,0.726,0.0,Mon Jul 30 17:26:10 +0000 2018,.@CBS sees corporate conspiracy behind Moonves allegations https://t.co/4ZnSp0xWNd #TTT https://t.co/5QCnlg5o0T,66,@CBS
166,-0.7096,0.205,0.795,0.0,Mon Jul 30 17:25:58 +0000 2018,Aye but how much slave labour &amp; people mainly immigrants died during construction? Not 1 media network or paper in‚Ä¶ https://t.co/jTnUP5HB7J,67,@CBS
167,0.0,0.0,1.0,0.0,Mon Jul 30 17:25:50 +0000 2018,RT @marycjoyce2: @CNN @NBC @CBS @ABC @MSNBC @washingtonpost @newyorktimes110 @latimes https://t.co/HN5Ze43sFE,68,@CBS
168,0.7964,0.0,0.747,0.253,Mon Jul 30 17:25:47 +0000 2018,"RT @Katalanskt: Amazing human towers built with extreme focus, trust and a rush of adrenaline. A bit of Catalonia very close to the White H‚Ä¶",69,@CBS
169,0.7964,0.0,0.747,0.253,Mon Jul 30 17:25:03 +0000 2018,"RT @Katalanskt: Amazing human towers built with extreme focus, trust and a rush of adrenaline. A bit of Catalonia very close to the White H‚Ä¶",70,@CBS
170,0.0,0.0,1.0,0.0,Mon Jul 30 17:24:54 +0000 2018,@MichaelJPenney @RobertPLewis @HeroesMediagrp @CNN @CBS @ABC @nbc @facebook @Twitter @AP @Rueters @mradambird‚Ä¶ https://t.co/12DIQbKAIW,71,@CBS
171,-0.296,0.216,0.784,0.0,Mon Jul 30 17:23:47 +0000 2018,".@CBS Moonves Accused Of Sexual Misconduct, Stock Falls https://t.co/f9MYql8Dek",72,@CBS
172,0.7297,0.0,0.746,0.254,Mon Jul 30 17:23:44 +0000 2018,RT @CTJaddie: Good point. @CNN @MSNBC @CBS @NYT @washingtonpost MSM should put this to @SpeakerRyan Either AGREE or discipline. https://t.c‚Ä¶,73,@CBS
173,-0.8933,0.449,0.43,0.121,Mon Jul 30 17:23:04 +0000 2018,"@CBS @NBC @ABC @MSNBC @CNN @CNBC 
STOP HATING ON PRESIDENT @realDonaldTrump AND DESTROYING HIS FIGHT TO SAVE AMERIC‚Ä¶ https://t.co/OkEcvyK1p3",74,@CBS
174,0.7297,0.0,0.723,0.277,Mon Jul 30 17:22:59 +0000 2018,Good point. @CNN @MSNBC @CBS @NYT @washingtonpost MSM should put this to @SpeakerRyan Either AGREE or discipline. https://t.co/ut8VKoUnm9,75,@CBS
175,-0.5423,0.409,0.438,0.153,Mon Jul 30 17:22:11 +0000 2018,"RT @StevePasquale: Agreed. Shame on you, @CBS .    Ridiculous. https://t.co/Tsh4ccve1b",76,@CBS
176,0.0,0.0,1.0,0.0,Mon Jul 30 17:22:10 +0000 2018,@realDonaldTrump @seanhannity @parscale @LouDobbs @MSNBC @CBS @GMA @ABCPolitics @ABCPolitics @TuckerCarlson https://t.co/BbV7Xns8wy,77,@CBS
177,0.7964,0.0,0.747,0.253,Mon Jul 30 17:21:45 +0000 2018,"RT @Katalanskt: Amazing human towers built with extreme focus, trust and a rush of adrenaline. A bit of Catalonia very close to the White H‚Ä¶",78,@CBS
178,0.0,0.0,1.0,0.0,Mon Jul 30 17:21:23 +0000 2018,@thedomains @cocoaqueen55 @DarylynnM @RonanFarrow @NewYorker @colbertlateshow @realDonaldTrump @CBS @cbscares You a‚Ä¶ https://t.co/YEe8bSPJxS,79,@CBS
179,-0.296,0.099,0.901,0.0,Mon Jul 30 17:20:32 +0000 2018,"RT @EthanMCrane99: @CBSNews You're only nine months late, @CBS .  This is why you're #FakeNews .  Stop chasing Trump tweets and actually in‚Ä¶",80,@CBS
180,0.0,0.0,1.0,0.0,Mon Jul 30 17:20:09 +0000 2018,"RT @anne19brown: #Poll Who do you believe more? üëáüëáüëáüëá

VOTE/RT 

#TuesdayThoughts #TuesdayMotivation #WalkAway @CBS @NBC @ABC @Foxnews @MSNB‚Ä¶",81,@CBS
181,0.0,0.0,1.0,0.0,Mon Jul 30 17:20:05 +0000 2018,@MichaelJPenney @RobertPLewis @HeroesMediagrp @CNN @CBS @ABC @nbc @facebook @Twitter @AP @Rueters @mradambird‚Ä¶ https://t.co/zM8qkEXy54,82,@CBS
182,0.0,0.0,1.0,0.0,Mon Jul 30 17:19:23 +0000 2018,@CBS i think it‚Äôs time to  #SaveScorpion,83,@CBS
183,0.0,0.0,1.0,0.0,Mon Jul 30 17:18:53 +0000 2018,#NeutralOpinion&gt; WorldIsLaughing&gt; #USA&gt;DoingAMajorInvestigationOnA #RepublicanPresident #Trump By13+Hardcore‚Ä¶ https://t.co/fZqykhbz2p,84,@CBS
184,0.0,0.0,1.0,0.0,Mon Jul 30 17:18:32 +0000 2018,RT @KrustaRhymes: So is @CBS going to air Bayleigh‚Äôs comment saying Fessy should go back to Pakistan and marry a virgin if he wants loyalty‚Ä¶,85,@CBS
185,-0.3593,0.14,0.772,0.088,Mon Jul 30 17:18:17 +0000 2018,RT @cannibaldiet: @SenFeinstein Thank you @SenFeinstein. RT'ing. So much is going on by the #GOP to keep Democrats out. So wrong. We must n‚Ä¶,86,@CBS
186,0.6222,0.0,0.797,0.203,Mon Jul 30 17:17:46 +0000 2018,@ThePerezHilton @JulieChen @CBS @CBSBigBrother @Kassting You really are brilliant to watch Perez and that‚Äôs what BB‚Ä¶ https://t.co/p0IpfHxsey,87,@CBS
187,0.7783,0.0,0.719,0.281,Mon Jul 30 17:17:20 +0000 2018,@AXN_LA @BunnyAndDoc then please help us contact @CBS . i think it‚Äôs easier for you to talk to them. they don‚Äôt answer us #SaveScorpion üò≠üò≠üò≠,88,@CBS
188,0.0,0.0,1.0,0.0,Mon Jul 30 17:16:54 +0000 2018,@gzuckier @WIRED @westerndigital @FoxNews @CNN @mnsbc @CBS  https://t.co/JyYTlN4tWe,89,@CBS
189,0.4404,0.0,0.775,0.225,Mon Jul 30 17:16:31 +0000 2018,"RT @slpng_giants: Good morning, @CBS.

Where are we with this? https://t.co/JE2EaqIkhx",90,@CBS
190,0.0,0.0,1.0,0.0,Mon Jul 30 17:16:02 +0000 2018,@gzuckier @WIRED @westerndigital @FoxNews @CNN @mnsbc @CBS THEN UNCLE MOONBEAM @JerryBrownGov TOOK CASH FROM CALIF‚Ä¶ https://t.co/Hpjl3vCDD2,91,@CBS
191,0.0,0.0,1.0,0.0,Mon Jul 30 17:15:49 +0000 2018,@msirois74 @HillaryClinton @robreiner01 @Alyssa_Milano @WhoopiGoldberg @LGBT @aplusk @CNN @jimmyfallon @jimmykimmel‚Ä¶ https://t.co/VKFpzZTU9v,92,@CBS
192,0.0,0.0,1.0,0.0,Mon Jul 30 18:04:40 +0000 2018,@CNN I saw that!,1,@CNN
193,0.0,0.0,1.0,0.0,Mon Jul 30 18:04:40 +0000 2018,RT @CNN: What you need to know about 'stand your ground' laws https://t.co/ouj4Dp8ots https://t.co/cd2fY6FhNZ,2,@CNN
194,-0.7717,0.293,0.659,0.048,Mon Jul 30 18:04:39 +0000 2018,"RT @KrisParonto: . @kaitlancollins if you don‚Äôt want to be barred from the news pool, stop being a rude, pompous, self righteous jackass. Y‚Ä¶",3,@CNN
195,0.4588,0.0,0.8,0.2,Mon Jul 30 18:04:38 +0000 2018,@luiss_angelc @CNN Glad to hear that. Thought ICE might have rounded you up.,4,@CNN
196,-0.8313,0.305,0.695,0.0,Mon Jul 30 18:04:38 +0000 2018,"RT @rolandscahill: Based on Rudy Giuliani's tired, nervous performance right now on @cnn, I'm thinking it's going to be a very bad week ahe‚Ä¶",5,@CNN
197,-0.5848,0.363,0.4,0.237,Mon Jul 30 18:04:37 +0000 2018,@CNN Sorry to lose fellow human beings to wildfires! I hope they‚Äôll avoid future tragedy by greater defenses: more‚Ä¶ https://t.co/gB61RgBO51,6,@CNN
198,-0.34,0.118,0.882,0.0,Mon Jul 30 18:04:36 +0000 2018,"RT @CNN: The monstrous Carr Fire, burning in Shasta County, California, has engulfed almost 100,000 acres. Live updates: https://t.co/ob883‚Ä¶",7,@CNN
199,-0.8271,0.383,0.617,0.0,Mon Jul 30 18:04:35 +0000 2018,"@SkyNews becomes fake news, joining @BBCNews and @CNN left wing liberal bullshit. cancelling my sky leftie twats",8,@CNN
200,-0.25,0.105,0.895,0.0,Mon Jul 30 18:04:34 +0000 2018,RT @CNN: A church put Jesus in a cage to protest immigration policies. He was replaced with a mirror. https://t.co/N24WEas0Ii https://t.co/‚Ä¶,9,@CNN
201,-0.7269,0.437,0.437,0.127,Mon Jul 30 18:04:34 +0000 2018,".@JohnKingCNN chastises Trump supporters for double standard for lying presidents, accidentally exposes @CNN's #TTT https://t.co/rkABzT7CpY",10,@CNN
202,0.0,0.0,1.0,0.0,Mon Jul 30 18:04:33 +0000 2018,@CNN Political Buttons! Check out https://t.co/2Rb8nXZ3RM https://t.co/N1kx08lDc4,11,@CNN
203,0.0,0.0,1.0,0.0,Mon Jul 30 18:04:33 +0000 2018,"RT @sheikhwaleed15: ÿ™ÿ®ÿØ€åŸÑ€å #ŸæŸπ⁄æÿßŸÜ ÿ®⁄æ€å #ÿßÿ±ÿØŸà ŸÖ€å⁄∫ ŸÜÿπÿ±€í ŸÑ⁄Øÿß ÿ±€Å€í €Å€í 

⁄ØŸÑ€å ⁄ØŸÑ€å ŸÖ€å⁄∫ ÿ¥Ÿàÿ± €Å€í 
#ÿ®ÿßÿ¨Ÿà€Å ÿ®⁄©ÿ≥ÿß ⁄ÜŸàÿ± €Å€í 

@voadeewa @OfficialDGISPR @Wasee‚Ä¶",12,@CNN
204,0.0,0.0,1.0,0.0,Mon Jul 30 18:04:33 +0000 2018,"RT @RVAwonk: The country is being led by an authoritarian with a sidekick who believes in electrocuting the gay out of people, the GOP lite‚Ä¶",13,@CNN
205,-0.296,0.239,0.761,0.0,Mon Jul 30 18:04:33 +0000 2018,@CNN Shut it down if no wall funding.,14,@CNN
206,0.0,0.0,1.0,0.0,Mon Jul 30 18:04:32 +0000 2018,"RT @RVAwonk: The country is being led by an authoritarian with a sidekick who believes in electrocuting the gay out of people, the GOP lite‚Ä¶",15,@CNN
207,0.0,0.0,1.0,0.0,Mon Jul 30 18:04:32 +0000 2018,"RT @RVAwonk: The country is being led by an authoritarian with a sidekick who believes in electrocuting the gay out of people, the GOP lite‚Ä¶",16,@CNN
208,0.128,0.0,0.93,0.07,Mon Jul 30 18:04:31 +0000 2018,"RT @TrumpSuperPAC: President #Trump and #MichaelJackson
The history as told by @CNN before they became the white supremacist, Nazi, KKK pro‚Ä¶",17,@CNN
209,-0.7845,0.257,0.743,0.0,Mon Jul 30 18:04:31 +0000 2018,RT @AshaRangappa_: My thoughts today on @CNN on whether collusion is a crime. Conspiracy and aiding and abetting are forms of collusion tha‚Ä¶,18,@CNN
210,-0.8313,0.305,0.695,0.0,Mon Jul 30 18:04:30 +0000 2018,"RT @rolandscahill: Based on Rudy Giuliani's tired, nervous performance right now on @cnn, I'm thinking it's going to be a very bad week ahe‚Ä¶",19,@CNN
211,0.0,0.0,1.0,0.0,Mon Jul 30 18:04:28 +0000 2018,"RT @RVAwonk: The country is being led by an authoritarian with a sidekick who believes in electrocuting the gay out of people, the GOP lite‚Ä¶",20,@CNN
212,-0.296,0.155,0.845,0.0,Mon Jul 30 18:04:28 +0000 2018,"RT @MPezzoll: @CherryAnnAustin @sweetpeaispissy @___lor__ @CNN @colonelbbqsauce @CallOutHysteria @coreythebarber @Solecito2807 Um, no. That‚Ä¶",21,@CNN
213,-0.3412,0.088,0.912,0.0,Mon Jul 30 18:04:28 +0000 2018,"RT @brandon_r_horan: @CNN Last week the NFL, this week we are back to the wall. Rinse, and repeat.
If we didn't know better, it's another r‚Ä¶",22,@CNN
214,0.8689,0.0,0.701,0.299,Mon Jul 30 18:04:26 +0000 2018,RT @CNN: Justice Ruth Bader Ginsburg says she hopes to stay on the Supreme Court at least five more years until the age of 90 https://t.co/‚Ä¶,23,@CNN
215,0.0,0.0,1.0,0.0,Mon Jul 30 18:04:26 +0000 2018,"RT @RVAwonk: The country is being led by an authoritarian with a sidekick who believes in electrocuting the gay out of people, the GOP lite‚Ä¶",24,@CNN
216,0.128,0.154,0.711,0.134,Mon Jul 30 18:04:26 +0000 2018,"RT @Shelaco: Look at list of courageous people below, who've fought against all odds to expose #whitehelmets, then consider @Channel4News @‚Ä¶",25,@CNN
217,0.3612,0.0,0.894,0.106,Mon Jul 30 18:04:25 +0000 2018,@msnbc @cnn Did anybody else notice the big smile on John Kellys' face as all the questions were coming during that‚Ä¶ https://t.co/0u76YVhEpS,26,@CNN
218,0.0,0.0,1.0,0.0,Mon Jul 30 18:04:25 +0000 2018,"RT @RVAwonk: The country is being led by an authoritarian with a sidekick who believes in electrocuting the gay out of people, the GOP lite‚Ä¶",27,@CNN
219,-0.1695,0.143,0.857,0.0,Mon Jul 30 18:04:25 +0000 2018,"@OglesbyAPP @AnnCoulter @realDonaldTrump Not at all, straight up @cnn and @msnbc.",28,@CNN
220,0.0,0.0,1.0,0.0,Mon Jul 30 18:04:21 +0000 2018,@crptnite @fredkarger @CNN @MittRomney @AnnRomney @prezholland Check out ‚ÄúSalt Park‚Äù on our @YouTube channel: https://t.co/M2nhX8i3ud,29,@CNN
221,0.4003,0.088,0.717,0.195,Mon Jul 30 18:04:20 +0000 2018,"RT @guygavrielkay: Please @CNN, please everyone, enough with ""meddling!"" What will make you stop? Russia putting malware in your power grid‚Ä¶",30,@CNN
222,0.0,0.0,1.0,0.0,Mon Jul 30 18:04:19 +0000 2018,@CNN Now Susan and Lisa need to get on board and it is a done deal.,31,@CNN
223,-0.7783,0.362,0.638,0.0,Mon Jul 30 18:04:19 +0000 2018,RT @KrisParonto: Stupid is as stupid does ü§∑üèª‚Äç‚ôÇÔ∏èü§¶üèª‚Äç‚ôÇÔ∏è ... @DNC @CNN @MSNBC @nytimes https://t.co/7R7G7ZOnGz,32,@CNN
224,0.0,0.0,1.0,0.0,Mon Jul 30 18:04:18 +0000 2018,Via @CNN‚úîÔ∏è Millions may be stripped of Indian citizenship https://t.co/AeyuBKLDje,33,@CNN
225,-0.7845,0.257,0.743,0.0,Mon Jul 30 18:04:17 +0000 2018,RT @AshaRangappa_: My thoughts today on @CNN on whether collusion is a crime. Conspiracy and aiding and abetting are forms of collusion tha‚Ä¶,34,@CNN
226,0.0,0.0,1.0,0.0,Mon Jul 30 18:04:17 +0000 2018,"RT @RVAwonk: The country is being led by an authoritarian with a sidekick who believes in electrocuting the gay out of people, the GOP lite‚Ä¶",35,@CNN
227,0.4019,0.0,0.881,0.119,Mon Jul 30 18:04:17 +0000 2018,RT @CNN: Prosecutors from special counsel Robert Mueller's office say Paul Manafort earned $60 million from his work as a political consult‚Ä¶,36,@CNN
228,0.8436,0.0,0.702,0.298,Mon Jul 30 18:04:16 +0000 2018,"RT @Genesis33K: Amazing 3rd day and all @FoxNews channels on @verizonfios have been out completely!

@CNN &amp; @MSNBC working beautifully!

Co‚Ä¶",37,@CNN
229,0.4404,0.0,0.791,0.209,Mon Jul 30 18:04:16 +0000 2018,@mikefrank007 @CNN Better to be Secretary of State and get 145 million.,38,@CNN
230,-0.3612,0.269,0.562,0.169,Mon Jul 30 18:04:14 +0000 2018,"'I love you grandpa,' they said as the fire encroached. Then the line went dead. @CNN https://t.co/FCQDMOdsmw",39,@CNN
231,-0.2732,0.108,0.82,0.072,Mon Jul 30 18:04:13 +0000 2018,"RT @FiveRights: .@CNN
You have caused dozens of people to wind up in jail or in prison.
You've done it by creating &amp; implanting TDS in gull‚Ä¶",40,@CNN
232,0.0,0.0,1.0,0.0,Mon Jul 30 18:04:09 +0000 2018,"As if Bill, as if! We have been waiting for #MSM to cover REAL stories for years! They all get their talking points‚Ä¶ https://t.co/uZgbuZ2NBo",41,@CNN
233,0.4522,0.0,0.881,0.119,Mon Jul 30 18:04:09 +0000 2018,RT @CNN: This man built a floating bicycle so he could clean trash from a river in order to raise awareness about plastic pollution https:/‚Ä¶,42,@CNN
234,-0.7717,0.293,0.659,0.048,Mon Jul 30 18:04:08 +0000 2018,"RT @KrisParonto: . @kaitlancollins if you don‚Äôt want to be barred from the news pool, stop being a rude, pompous, self righteous jackass. Y‚Ä¶",43,@CNN
235,-0.6908,0.217,0.783,0.0,Mon Jul 30 18:04:08 +0000 2018,"RT @ChinaSaleman: The is an ongoing #GenocideInSouthernCameroons,the #BiyaRegime has kill more 4500,burn more than 60 #villages,more than 2‚Ä¶",44,@CNN
236,0.4404,0.0,0.674,0.326,Mon Jul 30 18:04:08 +0000 2018,@CNN Good work if u can get it,45,@CNN
237,0.0,0.0,1.0,0.0,Mon Jul 30 18:04:07 +0000 2018,"RT @RVAwonk: The country is being led by an authoritarian with a sidekick who believes in electrocuting the gay out of people, the GOP lite‚Ä¶",46,@CNN
238,-0.4588,0.3,0.7,0.0,Mon Jul 30 18:04:07 +0000 2018,Late night mocks Trump's immigration reversal @CNN https://t.co/woO5ZqtqP9,47,@CNN
239,-0.296,0.128,0.872,0.0,Mon Jul 30 18:04:07 +0000 2018,RT @CNN: A zoo is accused of painting a donkey and passing it off as a zebra https://t.co/DoETle11Qq https://t.co/UToHC1YvIw,48,@CNN
240,0.4019,0.0,0.899,0.101,Mon Jul 30 18:04:07 +0000 2018,"Yes, this üëá @CNN. Rick Santorum is a RWNJ who hasn‚Äôt been relevant in years, and he hasn‚Äôt said anything of importa‚Ä¶ https://t.co/v1eryXFoE7",49,@CNN
241,-0.5574,0.173,0.827,0.0,Mon Jul 30 18:04:06 +0000 2018,RT @CNN: The monstrous Carr Fire in Northern California has doubled in size this weekend. Authorities say at least 12 people are missing an‚Ä¶,50,@CNN
242,0.0,0.0,1.0,0.0,Mon Jul 30 18:04:05 +0000 2018,@Mdressel97 @CNN Here we go! https://t.co/AVvt5VXsTI,51,@CNN
243,0.0129,0.071,0.857,0.073,Mon Jul 30 18:04:05 +0000 2018,"RT @SEOAware: @Mikel_Jollett They, &amp; other stations, consistently play his rallies so people will be shocked by his behavior, but they are‚Ä¶",52,@CNN
244,0.1027,0.0,0.931,0.069,Mon Jul 30 18:04:05 +0000 2018,"RT @renato_mariotti: During his @CNN @NewDay interview today, Giuliani admitted that there was a planning meeting for the Trump Tower meeti‚Ä¶",53,@CNN
245,0.1027,0.0,0.931,0.069,Mon Jul 30 18:04:05 +0000 2018,"RT @renato_mariotti: During his @CNN @NewDay interview today, Giuliani admitted that there was a planning meeting for the Trump Tower meeti‚Ä¶",54,@CNN
246,-0.7717,0.293,0.659,0.048,Mon Jul 30 18:04:04 +0000 2018,"RT @KrisParonto: . @kaitlancollins if you don‚Äôt want to be barred from the news pool, stop being a rude, pompous, self righteous jackass. Y‚Ä¶",55,@CNN
247,0.6486,0.0,0.485,0.515,Mon Jul 30 18:04:04 +0000 2018,@CNN The gift that keeps on giving,56,@CNN
248,-0.8402,0.308,0.692,0.0,Mon Jul 30 18:04:02 +0000 2018,RT @milly4red: #freesisikuAyukTabe #freeourleaders. How much longer will they be tortured by the evil regime of LRC? Held INCOMMUNICADO now‚Ä¶,57,@CNN
249,-0.7964,0.371,0.526,0.103,Mon Jul 30 18:04:01 +0000 2018,@CNN @mynbc15 But no money to research hung violence and it‚Äôs effects on children. Okay.,58,@CNN
250,0.2023,0.0,0.933,0.067,Mon Jul 30 18:03:59 +0000 2018,"RT @tan123: Dear @CNN: Why did the Twin Cities hit 100F or more 38 times in the 1930s/1940s, when it was allegedly cooler, but only a grand‚Ä¶",59,@CNN
251,-0.296,0.128,0.872,0.0,Mon Jul 30 18:03:58 +0000 2018,RT @CNN: A zoo is accused of painting a donkey and passing it off as a zebra https://t.co/DoETle11Qq https://t.co/UToHC1YvIw,60,@CNN
252,0.0,0.0,1.0,0.0,Mon Jul 30 18:03:58 +0000 2018,@YouNicks @CNN @RudyGiuliani @MSNBC There was a Pre Tower meeting.,61,@CNN
253,-0.3182,0.113,0.887,0.0,Mon Jul 30 18:03:58 +0000 2018,RT @renato_mariotti: Watching Giuliani‚Äôs @CNN @NewDay interview was bizarre. There was a noticeable shift in his strategy. Instead of pushi‚Ä¶,62,@CNN
254,-0.4767,0.22,0.78,0.0,Mon Jul 30 18:03:56 +0000 2018,"Why does he go on @CNN? 
I thought it was fake news. https://t.co/2m7rVBFFyc",63,@CNN
255,0.1655,0.095,0.781,0.124,Mon Jul 30 18:03:55 +0000 2018,@CNN Makes no difference if collusion is or is not a crime. Mueller can't indict Trump. Period. Nothing starts till‚Ä¶ https://t.co/q7aV0K84PA,64,@CNN
256,-0.4404,0.132,0.868,0.0,Mon Jul 30 18:03:55 +0000 2018,"RT @CNN: President Donald Trump's re-election campaign has denied it is using Chinese manufacturers to produce campaign flags, despite rece‚Ä¶",65,@CNN
257,0.2732,0.0,0.884,0.116,Mon Jul 30 18:03:54 +0000 2018,@Yshuya_ @CorentinSellin @CNN Temp√™te dans un verre d'eau... je suis pr√™t √† m engager dans une conversation product‚Ä¶ https://t.co/rT5ESMpxoO,66,@CNN
258,0.0,0.0,1.0,0.0,Mon Jul 30 18:03:54 +0000 2018,@Anne_not_a_bot @Mattytwo2 @AdorDeplor3dux @sandyb1960 @jdd2169 @FennellTomas @Qtastic3 @kellyannegoebb‚Ä¶ https://t.co/gBsN5Hzxb8,67,@CNN
259,0.3612,0.0,0.878,0.122,Mon Jul 30 18:03:54 +0000 2018,@CNN Hillary and Bill still got him beat.  They got like 150 million just for selling uranium to Putin,68,@CNN
260,-0.4404,0.592,0.408,0.0,Mon Jul 30 18:03:53 +0000 2018,@mikefrank007 @CNN Treason?,69,@CNN
261,0.0,0.0,1.0,0.0,Mon Jul 30 18:03:52 +0000 2018,@CNN See trump say made in America but he not for having his stuff made America ask trump why,70,@CNN
262,-0.5574,0.175,0.825,0.0,Mon Jul 30 18:03:52 +0000 2018,"@mare949 @renato_mariotti @CNN @NewDay @joshtpm WAS thinking the same thing, is he defending or destroying. Why bri‚Ä¶ https://t.co/pQHDL617cq",71,@CNN
263,-0.8313,0.305,0.695,0.0,Mon Jul 30 18:03:52 +0000 2018,"RT @rolandscahill: Based on Rudy Giuliani's tired, nervous performance right now on @cnn, I'm thinking it's going to be a very bad week ahe‚Ä¶",72,@CNN
264,0.0,0.0,1.0,0.0,Mon Jul 30 18:03:51 +0000 2018,"RT @JimKerfien: @cortneym22 @darsky @quirkywackjob @KaivanShroff @CNN I‚Äôd prefer the old anchor style, here‚Äôs the news here‚Äôs the FACTS...n‚Ä¶",73,@CNN
265,0.1027,0.0,0.931,0.069,Mon Jul 30 18:03:51 +0000 2018,"RT @renato_mariotti: During his @CNN @NewDay interview today, Giuliani admitted that there was a planning meeting for the Trump Tower meeti‚Ä¶",74,@CNN
266,0.2382,0.233,0.483,0.284,Mon Jul 30 18:03:50 +0000 2018,"@Health_Concen @CNN Thank you @Health_Concen Nice dig at ""this crazy GF craze"" CNN.",75,@CNN
267,0.4939,0.0,0.238,0.762,Mon Jul 30 18:03:48 +0000 2018,@CNN Laughter.,76,@CNN
268,0.0,0.0,1.0,0.0,Mon Jul 30 18:03:46 +0000 2018,@DougStanhope @CNN @andersoncooper also.,77,@CNN
269,0.0,0.0,1.0,0.0,Mon Jul 30 18:03:46 +0000 2018,"RT @USAHotLips: @RudyGiuliani BLASTS #MichaelCohen &amp; actually makes @CNN host speechless. üòÇüòÇ

Rudy outs little known facts re Cuomo &amp; Cohen‚Ä¶",78,@CNN
270,-0.2732,0.108,0.82,0.072,Mon Jul 30 18:03:44 +0000 2018,"RT @FiveRights: .@CNN
You have caused dozens of people to wind up in jail or in prison.
You've done it by creating &amp; implanting TDS in gull‚Ä¶",79,@CNN
271,-0.7845,0.257,0.743,0.0,Mon Jul 30 18:03:44 +0000 2018,RT @AshaRangappa_: My thoughts today on @CNN on whether collusion is a crime. Conspiracy and aiding and abetting are forms of collusion tha‚Ä¶,80,@CNN
272,0.0,0.0,1.0,0.0,Mon Jul 30 18:03:44 +0000 2018,"RT @RVAwonk: The country is being led by an authoritarian with a sidekick who believes in electrocuting the gay out of people, the GOP lite‚Ä¶",81,@CNN
273,0.4404,0.0,0.804,0.196,Mon Jul 30 18:03:43 +0000 2018,"RT @AURNOnline: The @WhiteHouse is actively challenging #FreedomOfThePress and is considering banning members of the media, including @Apri‚Ä¶",82,@CNN
274,0.0,0.0,1.0,0.0,Mon Jul 30 18:03:42 +0000 2018,RT @AgendaHoyCo: La cadena @CNN destaca la cultura llanera e invita a conocerla.  https://t.co/gyrO3bbHNS https://t.co/0mbYsDgjhP,83,@CNN
275,-0.4389,0.222,0.663,0.115,Mon Jul 30 18:03:40 +0000 2018,"Here‚Äôs an idea: Hey @CNN:

STOP GIVING THESE TRAITORS A PLATFORM!

Let them spill their lies in a court room and se‚Ä¶ https://t.co/qk9823ZnL6",84,@CNN
276,0.0,0.0,1.0,0.0,Mon Jul 30 18:03:39 +0000 2018,"RT @RVAwonk: The country is being led by an authoritarian with a sidekick who believes in electrocuting the gay out of people, the GOP lite‚Ä¶",85,@CNN
277,0.0,0.0,1.0,0.0,Mon Jul 30 18:03:38 +0000 2018,@CNN I don't believe he even knows where he is...much less if collusion is a crime..,86,@CNN
278,0.0,0.0,1.0,0.0,Mon Jul 30 18:03:37 +0000 2018,@CNN How is this related to the Russian collusion?,87,@CNN
279,0.0,0.0,1.0,0.0,Mon Jul 30 18:03:37 +0000 2018,"RT @RVAwonk: The country is being led by an authoritarian with a sidekick who believes in electrocuting the gay out of people, the GOP lite‚Ä¶",88,@CNN
280,-0.7717,0.293,0.659,0.048,Mon Jul 30 18:03:35 +0000 2018,"RT @KrisParonto: . @kaitlancollins if you don‚Äôt want to be barred from the news pool, stop being a rude, pompous, self righteous jackass. Y‚Ä¶",89,@CNN
281,-0.7845,0.257,0.743,0.0,Mon Jul 30 18:03:34 +0000 2018,RT @AshaRangappa_: My thoughts today on @CNN on whether collusion is a crime. Conspiracy and aiding and abetting are forms of collusion tha‚Ä¶,90,@CNN
282,-0.7783,0.327,0.673,0.0,Mon Jul 30 18:03:32 +0000 2018,RT @CNN: Nigeria recalls 2.4 million bottles of cough syrup containing codeine to fight abuse https://t.co/Fmcll7OmaC,91,@CNN
283,-0.7845,0.257,0.743,0.0,Mon Jul 30 18:03:32 +0000 2018,RT @AshaRangappa_: My thoughts today on @CNN on whether collusion is a crime. Conspiracy and aiding and abetting are forms of collusion tha‚Ä¶,92,@CNN
284,0.4522,0.0,0.881,0.119,Mon Jul 30 18:03:31 +0000 2018,RT @CNN: This man built a floating bicycle so he could clean trash from a river in order to raise awareness about plastic pollution https:/‚Ä¶,93,@CNN
285,0.8126,0.0,0.709,0.291,Mon Jul 30 18:03:30 +0000 2018,RT @MichaelCBender: Great time making fun of @Phil_Mattingly after an almost all ex-Bloomberg panel on @CNN today. cc: @juliehdavis @llerer‚Ä¶,94,@CNN
286,-0.296,0.128,0.872,0.0,Mon Jul 30 18:03:30 +0000 2018,RT @CNN: A zoo is accused of painting a donkey and passing it off as a zebra https://t.co/Zpvlhe1t5U https://t.co/hygAA2yL4u,95,@CNN
287,0.0,0.0,1.0,0.0,Mon Jul 30 18:03:30 +0000 2018,@YouNicks @CNN @RudyGiuliani @MSNBC He stated that there was a second meeting with the people who were in the russi‚Ä¶ https://t.co/xVJ2uZLOIi,96,@CNN
288,-0.2732,0.108,0.82,0.072,Mon Jul 30 18:03:29 +0000 2018,"RT @FiveRights: .@CNN
You have caused dozens of people to wind up in jail or in prison.
You've done it by creating &amp; implanting TDS in gull‚Ä¶",97,@CNN
289,0.4522,0.0,0.881,0.119,Mon Jul 30 18:03:28 +0000 2018,RT @CNN: This man built a floating bicycle so he could clean trash from a river in order to raise awareness about plastic pollution https:/‚Ä¶,98,@CNN
290,0.0,0.0,1.0,0.0,Mon Jul 30 18:03:28 +0000 2018,RT @almostjingo: Dare any of you @cnn @FoxNews @ABC @NBCNews @MSNBC @TheView @NPR @CBSNews @donlemon @VanJones68 to go to actually cover th‚Ä¶,99,@CNN
291,0.0,0.0,1.0,0.0,Mon Jul 30 18:03:28 +0000 2018,"RT @RVAwonk: The country is being led by an authoritarian with a sidekick who believes in electrocuting the gay out of people, the GOP lite‚Ä¶",100,@CNN
292,0.8143,0.0,0.739,0.261,Mon Jul 30 18:04:42 +0000 2018,"RT @FoxNews: ADORABLE: One man snapped this sweet shot of two lovebirds riding the New York subway, tweeting  ‚ÄúIf anyone recognizes this sw‚Ä¶",1,@FoxNews
293,0.0,0.0,1.0,0.0,Mon Jul 30 18:04:42 +0000 2018,"RT @AltUSPressSec: @FoxNews ‚ÄúCollusion‚Äù is the media term.

‚ÄúCoordination‚Äù is the counterintelligence term.

‚ÄúConspiracy to Defraud the Uni‚Ä¶",2,@FoxNews
294,0.0,0.0,1.0,0.0,Mon Jul 30 18:04:42 +0000 2018,@VenSirianda @AngleLay2018 @AsYouNotWish @VOANews @BBCWorld @nytimes @SkyNewsAust @ChannelNewsAsia @XHNews @abcnews‚Ä¶ https://t.co/qSpCzBr6qz,3,@FoxNews
295,-0.5106,0.187,0.731,0.082,Mon Jul 30 18:04:41 +0000 2018,"RT @FoxNews: .@dbongino: ""[@BarackObama is] one of the top five worst economic presidents  in American history."" @JudgeJeanine https://t.co‚Ä¶",4,@FoxNews
296,-0.4215,0.257,0.619,0.124,Mon Jul 30 18:04:40 +0000 2018,RT @FoxNews: How to avoid buying a stolen used car and protect yourself if you do https://t.co/OGBZ8M6SXA,5,@FoxNews
297,0.8402,0.0,0.6,0.4,Mon Jul 30 18:04:38 +0000 2018,@LindaMariaRich2 @FoxNews @dbongino @realDonaldTrump @BarackObama Everything but his hands. üòä,6,@FoxNews
298,0.4939,0.0,0.833,0.167,Mon Jul 30 18:04:38 +0000 2018,"RT @FoxNews: On ""Justice,"" @dbongino praised President @realDonaldTrump's handling of the economy while slamming former President @BarackOb‚Ä¶",7,@FoxNews
299,-0.4959,0.187,0.813,0.0,Mon Jul 30 18:04:38 +0000 2018,@FoxNews @GiannoCaldwell @realDonaldTrump The Mayor and Chicago politicians don't care! It has to start there!,8,@FoxNews
300,0.2732,0.0,0.851,0.149,Mon Jul 30 18:04:37 +0000 2018,Y'all know full well he's gonna pick on @FoxNews &amp; maybe @WSJ #stopplaying,9,@FoxNews
301,0.743,0.0,0.656,0.344,Mon Jul 30 18:04:37 +0000 2018,RT @FoxNews: Rand Paul says he will support Supreme Court nominee Brett Kavanaugh https://t.co/icDcpgcZMb,10,@FoxNews
302,0.0,0.0,1.0,0.0,Mon Jul 30 18:04:36 +0000 2018,RT @DailyCaller: Rep. @DevinNunes (R) of California said on @FoxNews Channel‚Äôs ‚ÄúSunday Morning Futures‚Äù that he‚Äôs looking to possibly take‚Ä¶,11,@FoxNews
303,-0.6991,0.278,0.722,0.0,Mon Jul 30 18:04:36 +0000 2018,"RT @AldoCella1: @FoxNews 

Having a ""TRUMP HATER"" to represent opposition views, DOES NOT, a Fair and Balanced debate make!",12,@FoxNews
304,0.474,0.0,0.854,0.146,Mon Jul 30 18:04:36 +0000 2018,@FoxNews @FoxNewsInsider @dallascowboys @dak @NFL Totally agree with Dak Prescott! These players are on the job &amp; t‚Ä¶ https://t.co/tCHhq48xlA,13,@FoxNews
305,0.2382,0.0,0.885,0.115,Mon Jul 30 18:04:36 +0000 2018,"@FoxNews @AlanDersh @AmericaNewsroom Don‚Äôt we all hope for this, but Dem politicians won‚Äôt hear of it.",14,@FoxNews
306,0.3182,0.0,0.881,0.119,Mon Jul 30 18:04:36 +0000 2018,"@suante_nuwanda @pooyan_hatami @FoxNews Huh, you're sure about it? In Pentagon there already are the plan which tar‚Ä¶ https://t.co/8g9OsbcrCH",15,@FoxNews
307,0.6696,0.0,0.793,0.207,Mon Jul 30 18:04:36 +0000 2018,"RT @JohnJamesMI: WATCH &amp; RETWEET: Thank you President Trump and Vice President Pence for the support! MICHIGAN, I am asking for your vote o‚Ä¶",16,@FoxNews
308,0.0,0.0,1.0,0.0,Mon Jul 30 18:04:35 +0000 2018,@FoxBusiness @FoxNews duh,17,@FoxNews
309,0.4019,0.0,0.816,0.184,Mon Jul 30 18:04:34 +0000 2018,RT @FoxNews: Eight-year-old boy starts lemonade stand to help local police department https://t.co/MRW19niFVL,18,@FoxNews
310,-0.34,0.118,0.882,0.0,Mon Jul 30 18:04:34 +0000 2018,"RT @JohnSumneranm: @FoxNews @KarlRove @TheDemocrats The democrats havn't had any ideas since their obsession with obstruction, which will b‚Ä¶",19,@FoxNews
311,-0.5106,0.187,0.731,0.082,Mon Jul 30 18:04:34 +0000 2018,"RT @FoxNews: .@dbongino: ""[@BarackObama is] one of the top five worst economic presidents  in American history."" @JudgeJeanine https://t.co‚Ä¶",20,@FoxNews
312,0.0,0.0,1.0,0.0,Mon Jul 30 18:04:33 +0000 2018,"RT @DesignationSix: If @McDonalds sponsors Fox ""News"" and @FoxNews advocates for separating families and putting children in cages, then Mc‚Ä¶",21,@FoxNews
313,0.0,0.0,1.0,0.0,Mon Jul 30 18:04:32 +0000 2018,@FoxNews  https://t.co/6Uww6hCifi,22,@FoxNews
314,-0.34,0.231,0.769,0.0,Mon Jul 30 18:04:32 +0000 2018,@FoxNews @Ford Small trucks are pointless. I sense a sales flop.,23,@FoxNews
315,0.5773,0.0,0.707,0.293,Mon Jul 30 18:04:29 +0000 2018,@FoxNews Is there anything in Australia that won't kill you?,24,@FoxNews
316,0.0,0.0,1.0,0.0,Mon Jul 30 18:04:29 +0000 2018,@OliverMcGee @realDonaldTrump @SenSchumer @POTUS @DRUDGE @DonaldJTrumpJr @foxandfriends @FoxNews @JackPosobiec‚Ä¶ https://t.co/ZlDeN8U7Rb,25,@FoxNews
317,-0.5106,0.163,0.837,0.0,Mon Jul 30 18:04:29 +0000 2018,"RT @RepMattGaetz: MUST-READ: ""GOP lawmaker wants answers on FBI's alleged Southern Poverty Law Center ties"" via @FoxNews https://t.co/MG1Fb‚Ä¶",26,@FoxNews
318,0.3612,0.0,0.889,0.111,Mon Jul 30 18:04:28 +0000 2018,"RT @TheSaintsWatch: @FoxNews ""@PrisonPlanet Get used to seeing scenes like this in Spain.

What kind of government with any rationality or‚Ä¶",27,@FoxNews
319,0.0,0.0,1.0,0.0,Mon Jul 30 18:04:28 +0000 2018,@FoxNews @POTUS @johnrobertsFox #MuellerIsComing https://t.co/IgJicZOrjX,28,@FoxNews
320,0.0,0.0,1.0,0.0,Mon Jul 30 18:04:26 +0000 2018,@DesignationSix @McDonalds @FoxNews #boycottmcdonalds. Trash the ‚Äúkids meal‚Äù,29,@FoxNews
321,0.1901,0.0,0.935,0.065,Mon Jul 30 18:04:25 +0000 2018,RT @BrianKarem: POTUS will sit down with a tyrant like Putin for a one on one but now on @FoxNews Guiliani says Trump will not sit down wit‚Ä¶,30,@FoxNews
322,0.0,0.0,1.0,0.0,Mon Jul 30 18:04:25 +0000 2018,@FoxNews We need you,31,@FoxNews
323,-0.1154,0.062,0.938,0.0,Mon Jul 30 18:04:24 +0000 2018,@thelaydeezeman @FoxNews Correct sir. They are both screwing the life out of the ppl. Dems just but you dinner first &amp; use vaseline.,32,@FoxNews
324,0.5994,0.114,0.57,0.316,Mon Jul 30 18:04:24 +0000 2018,RT @FoxNews: Joe Peters: ‚ÄúLaw enforcement has no better friend than President Trump.‚Äù https://t.co/SiHdL4bksD,33,@FoxNews
325,0.0,0.0,1.0,0.0,Mon Jul 30 18:04:24 +0000 2018,RT @5ilence_d0g00d: @azuremoments @daniell_stimac @FoxNews Must a person give up their entire personal life to be President? How did Maxine‚Ä¶,34,@FoxNews
326,0.0,0.0,1.0,0.0,Mon Jul 30 18:04:24 +0000 2018,@RobbT__ @JayPealer @FoxNews @votedemocrat What concrete (or any at all...even flimsy) evidence?,35,@FoxNews
327,0.0,0.0,1.0,0.0,Mon Jul 30 18:04:24 +0000 2018,"RT @FoxNews: .@dbongino: ‚ÄúTax reform was just monumental, we see now the effects on the economy, 4.1% growth.‚Äù https://t.co/zrtKXCvJPQ",36,@FoxNews
328,0.0,0.0,1.0,0.0,Mon Jul 30 18:04:24 +0000 2018,I haven‚Äôt seen you on @FoxNews lately. https://t.co/J8ZfhYKpde,37,@FoxNews
329,0.0,0.0,1.0,0.0,Mon Jul 30 18:04:23 +0000 2018,RT @FoxNews: .@POTUS meets with Italy‚Äôs prime minister #Outnumbered https://t.co/Lex64yCWJR,38,@FoxNews
330,0.0,0.0,1.0,0.0,Mon Jul 30 18:04:22 +0000 2018,@FoxNews @dbongino @BarackObama @JudgeJeanine You got that right!,39,@FoxNews
331,0.0736,0.091,0.803,0.105,Mon Jul 30 18:04:20 +0000 2018,@Paulyhood1 @FoxNews @POTUS @GOP Guilliani said that mueller isnt entitled to ask certain questions. He didnt reque‚Ä¶ https://t.co/hqszaGVBN0,40,@FoxNews
332,-0.0516,0.141,0.727,0.132,Mon Jul 30 18:04:20 +0000 2018,"RT @FoxNews: Trump supporters pelted by eggs, punches can sue San Jose cops in attack, court says https://t.co/0noLrFlaVG",41,@FoxNews
333,0.3182,0.0,0.635,0.365,Mon Jul 30 18:04:19 +0000 2018,@FoxNews please grow up already,42,@FoxNews
334,0.5719,0.0,0.637,0.363,Mon Jul 30 18:04:19 +0000 2018,@SingleDallasGuy @Shoffner1974 @FoxNews @POTUS @johnrobertsFox I'm sure Mueller's response would be: Challenge Accepted.,43,@FoxNews
335,0.3612,0.0,0.857,0.143,Mon Jul 30 18:04:18 +0000 2018,"RT @FoxNews: .@POTUS unlikely to agree to Mueller interview, sources say; @johnrobertsFox reports https://t.co/lL5muP1Y0R #OutnumberedOT ht‚Ä¶",44,@FoxNews
336,0.0,0.0,1.0,0.0,Mon Jul 30 18:04:17 +0000 2018,@liberty_grl @FoxNews Says who?,45,@FoxNews
337,0.6808,0.0,0.741,0.259,Mon Jul 30 18:04:16 +0000 2018,"RT @FoxNews: On @WattersWorld, former acting ICE Director Thomas Homan praised President @realDonaldTrump's record on border security. http‚Ä¶",46,@FoxNews
338,0.8436,0.0,0.702,0.298,Mon Jul 30 18:04:16 +0000 2018,"RT @Genesis33K: Amazing 3rd day and all @FoxNews channels on @verizonfios have been out completely!

@CNN &amp; @MSNBC working beautifully!

Co‚Ä¶",47,@FoxNews
339,0.2732,0.0,0.656,0.344,Mon Jul 30 18:04:16 +0000 2018,RT @Patrici76892729: @_America_First @FoxNews Agreed,48,@FoxNews
340,0.0,0.0,1.0,0.0,Mon Jul 30 18:04:16 +0000 2018,RT @DesignationSix: I will post these until @FoxNews ad space is toxic.I have these sponsors tagged so they will be notified when you LIKE‚Ä¶,49,@FoxNews
341,-0.7579,0.265,0.735,0.0,Mon Jul 30 18:04:15 +0000 2018,@FoxNews a bunch of wack jobs.  As a therapist I work with these people.  They are just losers and cry babies - and‚Ä¶ https://t.co/jKprjg80yY,50,@FoxNews
342,0.0,0.0,1.0,0.0,Mon Jul 30 18:04:14 +0000 2018,RT @Patrici76892729: @_America_First @FoxNews Exactly,51,@FoxNews
343,0.4005,0.0,0.886,0.114,Mon Jul 30 18:04:13 +0000 2018,RT @FoxNews: Rudy Giuliani: ‚ÄúEverything that‚Äôs been released so far shows the president to be absolutely innocent. He didn‚Äôt do anything wr‚Ä¶,52,@FoxNews
344,0.0,0.0,1.0,0.0,Mon Jul 30 18:04:12 +0000 2018,@FoxNews  https://t.co/zHwzBr7jfb,53,@FoxNews
345,-0.5106,0.187,0.731,0.082,Mon Jul 30 18:04:12 +0000 2018,"RT @FoxNews: .@dbongino: ""[@BarackObama is] one of the top five worst economic presidents  in American history."" @JudgeJeanine https://t.co‚Ä¶",54,@FoxNews
346,0.4404,0.0,0.805,0.195,Mon Jul 30 18:04:11 +0000 2018,RT @Patrici76892729: @_America_First @FoxNews Hope it eats all the corrupt politicians in Cali,55,@FoxNews
347,0.0,0.0,1.0,0.0,Mon Jul 30 18:04:09 +0000 2018,"As if Bill, as if! We have been waiting for #MSM to cover REAL stories for years! They all get their talking points‚Ä¶ https://t.co/uZgbuZ2NBo",56,@FoxNews
348,-0.4522,0.129,0.871,0.0,Mon Jul 30 18:04:08 +0000 2018,"RT @FoxNews: .@charliekirk11: ""If socialist professors really believe the nonsense that they, you know, profess, why don't they teach for f‚Ä¶",57,@FoxNews
349,0.3818,0.0,0.88,0.12,Mon Jul 30 18:04:08 +0000 2018,RT @StevenGrimm1776: @GKeile @FoxNews Exactly a lot of people don't understand they need to read up on this stuff stay focused.,58,@FoxNews
350,0.34,0.0,0.821,0.179,Mon Jul 30 18:04:07 +0000 2018,RT @FoxNews: Rudy Giuliani: ‚ÄúYou could investigate an innocent man forever.‚Äù https://t.co/JDpn7NPBo7,59,@FoxNews
351,0.0,0.0,1.0,0.0,Mon Jul 30 18:04:07 +0000 2018,RT @FoxNews: .@POTUS meets with Italy‚Äôs prime minister #Outnumbered https://t.co/Lex64yCWJR,60,@FoxNews
352,0.0,0.0,1.0,0.0,Mon Jul 30 18:04:06 +0000 2018,@FoxNews Rudy....W T F ??,61,@FoxNews
353,-0.6991,0.308,0.692,0.0,Mon Jul 30 18:04:06 +0000 2018,"@FoxNews 

Having a ""TRUMP HATER"" to represent opposition views, DOES NOT, a Fair and Balanced debate make!",62,@FoxNews
354,0.0,0.0,1.0,0.0,Mon Jul 30 18:04:06 +0000 2018,RT @FoxNews: It 'Did Not Happen': Giuliani Says Cohen's Claim About Trump Tower Meeting Is 'Categorically Untrue' https://t.co/0eFU5T96Bl,63,@FoxNews
355,-0.8126,0.385,0.615,0.0,Mon Jul 30 18:04:06 +0000 2018,"RT @SantaInc: @FoxNews Trump - ""Trump Anxiety Disorder"" aka fear of a president because he's working with a foreign adversary and destroyin‚Ä¶",64,@FoxNews
356,-0.0572,0.071,0.929,0.0,Mon Jul 30 18:04:06 +0000 2018,@FoxNews @ChrisStirewalt @AmericaNewsroom Dems don't want open borders either. Its just that they need something to‚Ä¶ https://t.co/ZJyblP5lgJ,65,@FoxNews
357,0.4404,0.0,0.847,0.153,Mon Jul 30 18:04:05 +0000 2018,RT @FoxNews: .@AlanDersh: ‚ÄúI would hope we could get politics out of the confirmation process.‚Äù @AmericaNewsroom https://t.co/UOcq9nR4vr,66,@FoxNews
358,0.0,0.0,1.0,0.0,Mon Jul 30 18:04:04 +0000 2018,RT @DailyCaller: Rep. @DevinNunes (R) of California said on @FoxNews Channel‚Äôs ‚ÄúSunday Morning Futures‚Äù that he‚Äôs looking to possibly take‚Ä¶,67,@FoxNews
359,0.0,0.0,1.0,0.0,Mon Jul 30 18:04:03 +0000 2018,"@OutnumberedFNC @HARRISFAULKNER @MelissaAFrancis @adrienneelrod @KennedyNation @guypbenson @adrienneelrod 
You're h‚Ä¶ https://t.co/6iCMT7LRAR",68,@FoxNews
360,0.5859,0.0,0.568,0.432,Mon Jul 30 18:04:03 +0000 2018,@FoxNews @DevinNunes @MariaBartiromo We have a winner,69,@FoxNews
361,0.0,0.0,1.0,0.0,Mon Jul 30 18:04:03 +0000 2018,RT @20PercentUSA: @FoxNews @News12NJ @waltkane @mike_pence @senatenj @8thdistrictleg @njassemblydems @NJDSC @NJSenDems @NJSenatePres @NJGOP‚Ä¶,70,@FoxNews
362,0.3595,0.095,0.751,0.154,Mon Jul 30 18:04:01 +0000 2018,@JamesRepublican @FoxNews 3 followers why black men thug and white men are hero when they have a gun! Why did the o‚Ä¶ https://t.co/wI793Tz8DE,71,@FoxNews
363,0.0,0.0,1.0,0.0,Mon Jul 30 18:04:01 +0000 2018,"RT @FoxNews: Boy, 6, survives 2 venomous snake bites within 8 days, prayed he would survive https://t.co/MTu3YRxYCd",72,@FoxNews
364,0.0,0.0,1.0,0.0,Mon Jul 30 18:03:59 +0000 2018,"@Jojeification @FoxNews @ChristopherHahn @realDonaldTrump @JudgeJeanine Exactly and your answer is, you didn't insu‚Ä¶ https://t.co/EzMUiZKNEQ",73,@FoxNews
365,0.0,0.0,1.0,0.0,Mon Jul 30 18:03:59 +0000 2018,@ShoottoKill7 @FoxNews @ChristopherHahn @realDonaldTrump @JudgeJeanine Knowing the price of the materials you buy t‚Ä¶ https://t.co/ifGB0eqv4Q,74,@FoxNews
366,-0.3991,0.172,0.738,0.089,Mon Jul 30 18:03:58 +0000 2018,RT @FoxNews: Minneapolis police release footage of fatal shooting of armed man; officers won't face charges https://t.co/YR75RCFVzY,75,@FoxNews
367,0.34,0.0,0.821,0.179,Mon Jul 30 18:03:54 +0000 2018,RT @FoxNews: Rudy Giuliani: ‚ÄúYou could investigate an innocent man forever.‚Äù https://t.co/JDpn7NPBo7,76,@FoxNews
368,0.0,0.0,1.0,0.0,Mon Jul 30 18:03:52 +0000 2018,@FoxNews Hey Rudy the swallow Trumpers told me to tell you to shut up ü§ê! üòÇü§£,77,@FoxNews
369,0.4019,0.0,0.69,0.31,Mon Jul 30 18:03:52 +0000 2018,"@FoxNews Not if ""I"" could help it",78,@FoxNews
370,-0.4215,0.257,0.619,0.124,Mon Jul 30 18:03:52 +0000 2018,RT @FoxNews: How to avoid buying a stolen used car and protect yourself if you do https://t.co/OGBZ8M6SXA,79,@FoxNews
371,0.296,0.0,0.842,0.158,Mon Jul 30 18:03:52 +0000 2018,"RT @FoxNews: Rudy Giuliani: ‚ÄúIf they want to talk about collusion‚Ä¶we might allow some questions on that."" #Outnumbered https://t.co/7yYz9XZ‚Ä¶",80,@FoxNews
372,0.0,0.0,1.0,0.0,Mon Jul 30 18:03:51 +0000 2018,@FoxNews One of the big red flags is the vin on title don't match the vehicle. Along with the person selling isn't‚Ä¶ https://t.co/bykAxwXeoz,81,@FoxNews
373,0.0,0.0,1.0,0.0,Mon Jul 30 18:03:51 +0000 2018,"RT @FoxNews: .@dbongino: ‚ÄúTax reform was just monumental, we see now the effects on the economy, 4.1% growth.‚Äù https://t.co/zrtKXCvJPQ",82,@FoxNews
374,-0.4939,0.198,0.802,0.0,Mon Jul 30 18:03:50 +0000 2018,@LpwSports @FoxNews Let israel test Iran. Let‚Äôs see whose airforce is destroyed then üòâüòâüòâ,83,@FoxNews
375,0.0,0.0,1.0,0.0,Mon Jul 30 18:03:50 +0000 2018,"RT @DesignationSix: If @McDonalds sponsors Fox ""News"" and @FoxNews advocates for separating families and putting children in cages, then Mc‚Ä¶",84,@FoxNews
376,0.0,0.132,0.735,0.132,Mon Jul 30 18:03:50 +0000 2018,@lander @GreerMcVay @turbo2352 @GovMikeHuckabee @FoxNews If your for deporting illegals and secured boarders..... what‚Äôs the problem? ü§îü§î,85,@FoxNews
377,-0.3991,0.172,0.738,0.089,Mon Jul 30 18:03:50 +0000 2018,RT @FoxNews: Minneapolis police release footage of fatal shooting of armed man; officers won't face charges https://t.co/YR75RCFVzY,86,@FoxNews
378,-0.5106,0.187,0.731,0.082,Mon Jul 30 18:03:49 +0000 2018,"RT @FoxNews: .@dbongino: ""[@BarackObama is] one of the top five worst economic presidents  in American history."" @JudgeJeanine https://t.co‚Ä¶",87,@FoxNews
379,0.0,0.0,1.0,0.0,Mon Jul 30 18:03:48 +0000 2018,"@FoxNews Cue the traditional looters, it‚Äôs almost back to school and you just gotta have a new pair of sneakers",88,@FoxNews
380,-0.6093,0.306,0.694,0.0,Mon Jul 30 18:03:48 +0000 2018,@FoxNews Poor souls Liberals need to GET OVER IT !!!,89,@FoxNews
381,0.0,0.0,1.0,0.0,Mon Jul 30 18:03:46 +0000 2018,RT @FoxNews: It 'Did Not Happen': Giuliani Says Cohen's Claim About Trump Tower Meeting Is 'Categorically Untrue' https://t.co/0eFU5T96Bl,90,@FoxNews
382,0.0,0.0,1.0,0.0,Mon Jul 30 18:03:46 +0000 2018,@justinhendrix @FoxNews @foxandfriends These people must have ‚Äòdaddy issues‚Äô.... either they were raised by an abus‚Ä¶ https://t.co/WZPEQnAseZ,91,@FoxNews
383,0.0,0.0,1.0,0.0,Mon Jul 30 18:03:46 +0000 2018,"@FoxNews 
üòÇüòÇüòÇü§£ü§£üòÇüòÇü§£ü§£üòÇüòÇ https://t.co/Q9s0I3rI9P",92,@FoxNews
384,-0.34,0.149,0.773,0.077,Mon Jul 30 18:03:45 +0000 2018,"@fahed2475205 @FoxNews If a civilian attacks another civilian,
It‚Äôs also called self defense. What‚Äôs your point? Th‚Ä¶ https://t.co/IN9yxLoQ6L",93,@FoxNews
385,-0.8481,0.301,0.699,0.0,Mon Jul 30 18:03:45 +0000 2018,What the fuck is the point of these fucking things except to kill and possibly not get caught? @NRA @BreitbartNews‚Ä¶ https://t.co/amqEXJTaQN,94,@FoxNews
386,0.4019,0.0,0.87,0.13,Mon Jul 30 18:03:45 +0000 2018,@zippity12 @FoxNews bigot: a person who is obstinately or intolerantly devoted to his or her own opinions and preju‚Ä¶ https://t.co/3TfqbNpsIK,95,@FoxNews
387,-0.4522,0.129,0.871,0.0,Mon Jul 30 18:03:44 +0000 2018,"RT @FoxNews: .@charliekirk11: ""If socialist professors really believe the nonsense that they, you know, profess, why don't they teach for f‚Ä¶",96,@FoxNews
388,0.4767,0.08,0.736,0.184,Mon Jul 30 18:03:44 +0000 2018,"RT @FoxNews: Peter Morici: ""What the left is denying is that over the entire Trump presidency, growth has averaged about 40 to 45% better t‚Ä¶",97,@FoxNews
389,0.0772,0.127,0.732,0.141,Mon Jul 30 18:03:44 +0000 2018,"@monsieurfish @larklittlefoot @FoxNews He just threaten a few cop he dindu nuffin, just a good boy collecting money‚Ä¶ https://t.co/NU8GtilgmS",98,@FoxNews
390,0.0,0.0,1.0,0.0,Mon Jul 30 18:03:44 +0000 2018,@Rich_Bruklis @FoxNews @AnheuserBusch Oh Carl,99,@FoxNews
391,0.2924,0.0,0.902,0.098,Mon Jul 30 18:03:43 +0000 2018,Jebby can't get over losing either.  Hillary &amp; Jebby should run on the same ticket since they are connected anyway.‚Ä¶ https://t.co/O2wfhl8CAy,100,@FoxNews
392,0.0,0.0,1.0,0.0,Mon Jul 30 18:04:42 +0000 2018,@VenSirianda @AngleLay2018 @AsYouNotWish @VOANews @BBCWorld @nytimes @SkyNewsAust @ChannelNewsAsia @XHNews @abcnews‚Ä¶ https://t.co/qSpCzBr6qz,1,@nytimes
393,0.0,0.09,0.82,0.09,Mon Jul 30 18:04:41 +0000 2018,"RT @RealJamesWoods: Yeah, all those #Antifa thugs hiding behind masks and throwing urine bottles at police are doing it because some @nytim‚Ä¶",2,@nytimes
394,-0.7717,0.271,0.729,0.0,Mon Jul 30 18:04:41 +0000 2018,"RT @PatriotNotPol: The @nytimes AG Sulzberger complains that Trump‚Äôs rhetoric about the media will result in violence against them.  

Sulz‚Ä¶",3,@nytimes
395,0.6486,0.0,0.773,0.227,Mon Jul 30 18:04:40 +0000 2018,@ABC Thank you @nytimes for being the voice of reason. Dealing with the likes of @realDonaldTrump can be extremely‚Ä¶ https://t.co/ZOeDNuOpu5,4,@nytimes
396,-0.8834,0.424,0.576,0.0,Mon Jul 30 18:04:40 +0000 2018,"RT @Paulalovestruth: @washingtonpost @nytimes The day after @Comey was fired. Sick.

Conspiracy in #CoupDetat against @realDonaldTrump http‚Ä¶",5,@nytimes
397,0.0,0.0,1.0,0.0,Mon Jul 30 18:04:38 +0000 2018,"RT @nytimes: More than three million students who graduated in 2018 took surveys with the ACT, the SAT or the PSAT. In filling out those su‚Ä¶",6,@nytimes
398,0.0,0.0,1.0,0.0,Mon Jul 30 18:04:34 +0000 2018,"RT @nytimes: More than three million students who graduated in 2018 took surveys with the ACT, the SAT or the PSAT. In filling out those su‚Ä¶",7,@nytimes
399,-0.25,0.134,0.772,0.093,Mon Jul 30 18:04:34 +0000 2018,RT @Paulalovestruth: @washingtonpost Why dont you asswipes try telling the sick truth that you at @nytimes conspire with the DC Democrats.‚Ä¶,8,@nytimes
400,0.2558,0.122,0.683,0.195,Mon Jul 30 18:04:33 +0000 2018,RT @BetteMidler: A TRAITOR &amp; RUSSIAN PUPPET DETERMINED TO BRING HIS OWN COUNTRY DOWN!  G.O.P. Faces Another Midterm Threat as Trump Plays t‚Ä¶,9,@nytimes
401,0.0,0.0,1.0,0.0,Mon Jul 30 18:04:32 +0000 2018,@D1sambiguation @Thedarkamerica @don_prusha @BevanBell @BPurser0793 @gpvernon @Captameri480 @jb_ertw‚Ä¶ https://t.co/mRb3TMjZaN,10,@nytimes
402,0.0,0.0,1.0,0.0,Mon Jul 30 18:04:30 +0000 2018,"RT @nytimes: Documents filed by Robert Mueller last month showed that Alan Friedman, an Italian media celebrity, worked closely with Paul M‚Ä¶",11,@nytimes
403,0.4019,0.084,0.728,0.188,Mon Jul 30 18:04:29 +0000 2018,"RT @nytimes: For the second time in three days, Pope Francis accepted the resignation of a powerful prelate ‚Äî this time, an Australian arch‚Ä¶",12,@nytimes
404,-0.4939,0.21,0.714,0.076,Mon Jul 30 18:04:27 +0000 2018,"RT @SecretaryCarson: The #affordablehousingcrisis needs to be addressed at EVERY level of gov.¬†¬†Sadly, the @nytimes missed an important opp‚Ä¶",13,@nytimes
405,-0.6072,0.248,0.752,0.0,Mon Jul 30 18:04:26 +0000 2018,"@nytimes Wait...94% white? 

So who does their shitty jobs that Americans won't do?",14,@nytimes
406,0.0,0.0,1.0,0.0,Mon Jul 30 18:04:21 +0000 2018,"RT @cliffordlevy: @nytimes @realDonaldTrump Just as an aside:
I spent 5 years as an @nytimes correspondent in Russia.
The phrase ‚Äúenemy of‚Ä¶",15,@nytimes
407,-0.25,0.111,0.889,0.0,Mon Jul 30 18:04:19 +0000 2018,"RT @CrisisGroup: #Israel is facing its own internal contradiction about #Gaza policy, says @NathanThrall to @nytimes 
https://t.co/ecCw2qnE‚Ä¶",16,@nytimes
408,-0.7783,0.362,0.638,0.0,Mon Jul 30 18:04:19 +0000 2018,RT @KrisParonto: Stupid is as stupid does ü§∑üèª‚Äç‚ôÇÔ∏èü§¶üèª‚Äç‚ôÇÔ∏è ... @DNC @CNN @MSNBC @nytimes https://t.co/7R7G7ZOnGz,17,@nytimes
409,0.5574,0.0,0.82,0.18,Mon Jul 30 18:04:19 +0000 2018,"RT @novapbs: You could improve your metabolic health by eating your meals in a daily 8-10 hour window, a growing body of research shows. vi‚Ä¶",18,@nytimes
410,0.0,0.0,1.0,0.0,Mon Jul 30 18:04:18 +0000 2018,@Thom_Hartmann @nytimes Impeach Pence first.,19,@nytimes
411,0.0,0.0,1.0,0.0,Mon Jul 30 18:04:17 +0000 2018,"RT @nikkiusher: Just confirming that this is the first time that @nytimes has used the word ""hellscape"" on the homepage (in this case, to d‚Ä¶",20,@nytimes
412,0.0,0.0,1.0,0.0,Mon Jul 30 18:04:16 +0000 2018,@PatriotNotPol @nytimes Exactly!!!,21,@nytimes
413,-0.3818,0.157,0.843,0.0,Mon Jul 30 18:04:14 +0000 2018,Via @NYTimesüìå Links in #7Eleven‚Äôs Chain Threaten to Snap as Store Owners Resist Contract https://t.co/DgquqFXIb5,22,@nytimes
414,0.3818,0.0,0.776,0.224,Mon Jul 30 18:04:11 +0000 2018,@nytimes Is this a way to promote sales of American beer?,23,@nytimes
415,0.2558,0.122,0.683,0.195,Mon Jul 30 18:04:09 +0000 2018,RT @BetteMidler: A TRAITOR &amp; RUSSIAN PUPPET DETERMINED TO BRING HIS OWN COUNTRY DOWN!  G.O.P. Faces Another Midterm Threat as Trump Plays t‚Ä¶,24,@nytimes
416,0.4404,0.0,0.58,0.42,Mon Jul 30 18:04:06 +0000 2018,@Dd3262Donna @nytimes Hmmm Good Question.,25,@nytimes
417,0.4019,0.084,0.728,0.188,Mon Jul 30 18:04:06 +0000 2018,"RT @nytimes: For the second time in three days, Pope Francis accepted the resignation of a powerful prelate ‚Äî this time, an Australian arch‚Ä¶",26,@nytimes
418,0.0,0.0,1.0,0.0,Mon Jul 30 18:04:05 +0000 2018,"RT @cliffordlevy: @nytimes @realDonaldTrump Just as an aside:
I spent 5 years as an @nytimes correspondent in Russia.
The phrase ‚Äúenemy of‚Ä¶",27,@nytimes
419,0.4588,0.0,0.85,0.15,Mon Jul 30 18:04:05 +0000 2018,RT @JoseOVazquez1: @crimsonfaith88 @bridge3675 @nytimes @realDonaldTrump Another one who cares not about facts. Including the one that says‚Ä¶,28,@nytimes
420,0.0,0.097,0.805,0.097,Mon Jul 30 18:04:04 +0000 2018,RT @nytimes: New Zealand joins the Philippines as the only 2 countries in the world with legislation granting victims of domestic violence‚Ä¶,29,@nytimes
421,0.0,0.0,1.0,0.0,Mon Jul 30 18:04:03 +0000 2018,"@Thom_Hartmann @Aszneth @nytimes He's going down to ,with TRAITORS r paul,mcconnell.",30,@nytimes
422,0.5707,0.0,0.448,0.552,Mon Jul 30 18:04:03 +0000 2018,@Alisha__g @nytimes Congrats! üëèüëçüí™,31,@nytimes
423,-0.7579,0.277,0.723,0.0,Mon Jul 30 18:04:00 +0000 2018,"RT @sarahwollaston: ‚ÄúBritain is teetering on the edge, on the verge of making catastrophic, irreversibly damaging mistakes‚Äù insightful piec‚Ä¶",32,@nytimes
424,0.0,0.0,1.0,0.0,Mon Jul 30 18:04:00 +0000 2018,"RT @rcallimachi: The White House requested an off-the-record meeting with the @nytimes publisher, meaning that we couldn‚Äôt storify @realDon‚Ä¶",33,@nytimes
425,0.0,0.0,1.0,0.0,Mon Jul 30 18:03:53 +0000 2018,RT @jacoli44: #30Jul 9:54 am Protesta de #enfermeros en Hospital Central #Valencia #Carabobo #Venezuela #crisishumanitaria #ONG @rafaellaca‚Ä¶,34,@nytimes
426,0.4019,0.0,0.891,0.109,Mon Jul 30 18:03:53 +0000 2018,RT @nytimes: How the largest lobbyist for the pharmaceutical industry in the U.S. is using ‚Äúdark money‚Äù to support an advocacy group‚Äôs effo‚Ä¶,35,@nytimes
427,-0.8834,0.424,0.576,0.0,Mon Jul 30 18:03:48 +0000 2018,"RT @Paulalovestruth: @washingtonpost @nytimes The day after @Comey was fired. Sick.

Conspiracy in #CoupDetat against @realDonaldTrump http‚Ä¶",36,@nytimes
428,0.0,0.0,1.0,0.0,Mon Jul 30 18:03:47 +0000 2018,RT @womensmediacntr: More Women Deserve Statues in New York. Here Are 10. https://t.co/1SIBP0vNWK via @nytimes,37,@nytimes
429,0.0,0.0,1.0,0.0,Mon Jul 30 18:03:44 +0000 2018,RT @TheRebelTV: Get the other side of the story from https://t.co/LZKy9lhYkc! We are indeed 100% crowdfunded by viewers all over the world!‚Ä¶,38,@nytimes
430,-0.34,0.167,0.735,0.098,Mon Jul 30 18:03:43 +0000 2018,What GOP? It's fractured: G.O.P. Faces Another Midterm Threat as @realDonaldTrump Plays the Shutdown Card - @nytimes https://t.co/Pri0Jkahbk,39,@nytimes
431,0.0,0.0,1.0,0.0,Mon Jul 30 18:03:43 +0000 2018,"RT @billyjoel: ‚ÄúI thought I was going to make a living, and it turned out, I got a hundred shows at Madison Square Garden, Kennedy [Center]‚Ä¶",40,@nytimes
432,0.0,0.0,1.0,0.0,Mon Jul 30 18:03:39 +0000 2018,RT @MamaRose2017: @BearmanShannon @AllanMargolin @DLeonhardt @nytimes @ScarletAvengers @ohiomail @putinsclown @progressivepush @jimmacpam @‚Ä¶,41,@nytimes
433,0.0,0.0,1.0,0.0,Mon Jul 30 18:03:39 +0000 2018,"@nytimes That moment when you suddenly realize, all they need to do is legalize crack...",42,@nytimes
434,-0.25,0.134,0.772,0.093,Mon Jul 30 18:03:39 +0000 2018,RT @Paulalovestruth: @washingtonpost Why dont you asswipes try telling the sick truth that you at @nytimes conspire with the DC Democrats.‚Ä¶,43,@nytimes
435,0.0516,0.124,0.744,0.132,Mon Jul 30 18:03:32 +0000 2018,‚ÄúBut the gaps in care that frustrate well-off families over the summer are a constant in the lives of lower-income‚Ä¶ https://t.co/br3t3Aqi5a,44,@nytimes
436,0.0,0.0,1.0,0.0,Mon Jul 30 18:03:31 +0000 2018,"EL MILLONARIO POBRE de RD

@DaniloMedina El @GobiernoRD tiene que exigir y ordenar a las #ARS
( #ASEGURASDESALUD )‚Ä¶ https://t.co/oMn2GIo1pU",45,@nytimes
437,-0.782,0.433,0.567,0.0,Mon Jul 30 18:03:30 +0000 2018,@newsbusters @nytimes And fake news isn‚Äôt getting people hurt? Double standards?,46,@nytimes
438,-0.34,0.195,0.69,0.115,Mon Jul 30 18:03:28 +0000 2018,G.O.P. Faces Another Midterm Threat as Trump Plays the Shutdown Card via @nytimes https://t.co/u1IBiBafoG,47,@nytimes
439,-0.8176,0.306,0.694,0.0,Mon Jul 30 18:03:27 +0000 2018,RT @acslaw: Bush Claimed Power to Override a Torture Ban. What Did Brett Kavanaugh Think About That? via @nytimes https://t.co/RD1F3tN7mf,48,@nytimes
440,0.0,0.0,1.0,0.0,Mon Jul 30 18:03:27 +0000 2018,RT @jacoli44: #30Jul 9:54 am Protesta de #enfermeros en Hospital Central #Valencia #Carabobo #Venezuela #crisishumanitaria #ONG @rafaellaca‚Ä¶,49,@nytimes
441,0.0,0.0,1.0,0.0,Mon Jul 30 18:03:27 +0000 2018,RT @TheRebelTV: Get the other side of the story from https://t.co/LZKy9lhYkc! We are indeed 100% crowdfunded by viewers all over the world!‚Ä¶,50,@nytimes
442,0.0,0.0,1.0,0.0,Mon Jul 30 18:03:27 +0000 2018,"RT @nytimes: ""It was impossible to do the work. It was hell,"" said a man in an Algerian town that recorded 124 degrees Fahrenheit a few wee‚Ä¶",51,@nytimes
443,0.0,0.0,1.0,0.0,Mon Jul 30 18:03:25 +0000 2018,"RT @YaleLawSch: Associate Professor Issa Kohler-Hausmann's new book ""Misdemeanorland,"" is reviewed in the @nytimes. https://t.co/XtnHQ50j2m",52,@nytimes
444,0.2558,0.122,0.683,0.195,Mon Jul 30 18:03:23 +0000 2018,RT @BetteMidler: A TRAITOR &amp; RUSSIAN PUPPET DETERMINED TO BRING HIS OWN COUNTRY DOWN!  G.O.P. Faces Another Midterm Threat as Trump Plays t‚Ä¶,53,@nytimes
445,0.4019,0.0,0.844,0.156,Mon Jul 30 18:03:23 +0000 2018,RT @nytimes: Want to feel old? Tom Cruise has played Ethan Hunt in the ‚ÄúMission: Impossible‚Äù movie series for 22 years. https://t.co/D5YmYP‚Ä¶,54,@nytimes
446,-0.6739,0.165,0.835,0.0,Mon Jul 30 18:03:19 +0000 2018,"RT @jayrosen_nyu: As you know, @nytimes quit on the public editor position. Part of the reason: social media could take over the WTF functi‚Ä¶",55,@nytimes
447,0.0,0.0,1.0,0.0,Mon Jul 30 18:03:19 +0000 2018,RT @womensmediacntr: More Women Deserve Statues in New York. Here Are 10. https://t.co/1SIBP0vNWK via @nytimes,56,@nytimes
448,0.0,0.0,1.0,0.0,Mon Jul 30 18:03:18 +0000 2018,"RT @nytimes: In Okinawa, Japan, a place where the average life expectancy for women is around 90, people form a kind of social network call‚Ä¶",57,@nytimes
449,0.0,0.0,1.0,0.0,Mon Jul 30 18:03:17 +0000 2018,#30Jul 9:54 am Protesta de #enfermeros en Hospital Central #Valencia #Carabobo #Venezuela #crisishumanitaria #ONG‚Ä¶ https://t.co/tce3GzemvX,58,@nytimes
450,0.0,0.0,1.0,0.0,Mon Jul 30 18:03:16 +0000 2018,RT @JcpLq2: @EehHorn @krelifa @AleGomezFabio @caleidoscopio71 @Ttaeyeon39 @teresaw37858022 @realDonaldTrump @AMDTY39 @guoda309 @taengstagra‚Ä¶,59,@nytimes
451,0.0,0.0,1.0,0.0,Mon Jul 30 18:03:16 +0000 2018,"@ryszard_lorys @TymekChojecki @MikeTyson @Fundacja_PFN @pisorgpl @nytimes W nieca≈Çe 1,5 min facet znany nawet najg≈Ç‚Ä¶ https://t.co/UZbbJt2yZn",60,@nytimes
452,0.0,0.0,1.0,0.0,Mon Jul 30 18:03:14 +0000 2018,"RT @JewhadiTM: .@NYTimes Makes Reportedly False Claim About Israel's Founder, Refuses To Offer Retraction 

The claim reinforces the Times'‚Ä¶",61,@nytimes
453,-0.7269,0.243,0.757,0.0,Mon Jul 30 18:03:13 +0000 2018,"RT @YoeeBaby: There is a lot of research happening around poverty, toxic stress and the affect's on a child's development. Early Head Start‚Ä¶",62,@nytimes
454,0.0,0.0,1.0,0.0,Mon Jul 30 18:03:12 +0000 2018,@nytimes  https://t.co/I69KqcuqjQ,63,@nytimes
455,0.0,0.0,1.0,0.0,Mon Jul 30 18:03:12 +0000 2018,"RT @nytimes: With their eyes on jobs and revenue, small countries and territories, such as Bermuda, Malta and Gibraltar, are racing to beco‚Ä¶",64,@nytimes
456,-0.8143,0.335,0.586,0.079,Mon Jul 30 18:03:10 +0000 2018,"RT @_ImperatorRex_: TANTRUM TIME @nytimes 

It's nauseating to watch these frauds, the key group responsible for whipping up the hysteria a‚Ä¶",65,@nytimes
457,0.0,0.0,1.0,0.0,Mon Jul 30 18:03:09 +0000 2018,"RT @instagram: ‚ÄúIt‚Äôs [Instagram] a place where I can go for much-needed reminders that, despite what mainstream media might suggest, my kin‚Ä¶",66,@nytimes
458,-0.4404,0.146,0.854,0.0,Mon Jul 30 18:03:09 +0000 2018,"RT @PhilMcCrackin44: Shamefully, the MSM has morphed into nothing more than a group of Left-Wing Political Activists.

Objective journalism‚Ä¶",67,@nytimes
459,-0.6705,0.234,0.766,0.0,Mon Jul 30 18:03:08 +0000 2018,"RT @nytimes: An Australian woman has filed a lawsuit against Cricket Australia, saying she was fired for her abortion-rights tweets https:/‚Ä¶",68,@nytimes
460,-0.3818,0.148,0.852,0.0,Mon Jul 30 18:03:06 +0000 2018,@KrisParonto @kaitlancollins @CNN And today we learn @nytimes is now a lobbyist group tasked with blocking Kavannaugh,69,@nytimes
461,0.0,0.09,0.82,0.09,Mon Jul 30 18:03:05 +0000 2018,"RT @RealJamesWoods: Yeah, all those #Antifa thugs hiding behind masks and throwing urine bottles at police are doing it because some @nytim‚Ä¶",70,@nytimes
462,-0.6739,0.165,0.835,0.0,Mon Jul 30 18:03:05 +0000 2018,"RT @jayrosen_nyu: As you know, @nytimes quit on the public editor position. Part of the reason: social media could take over the WTF functi‚Ä¶",71,@nytimes
463,-0.7579,0.277,0.723,0.0,Mon Jul 30 18:03:00 +0000 2018,"RT @sarahwollaston: ‚ÄúBritain is teetering on the edge, on the verge of making catastrophic, irreversibly damaging mistakes‚Äù insightful piec‚Ä¶",72,@nytimes
464,0.0,0.0,1.0,0.0,Mon Jul 30 18:02:59 +0000 2018,Do as I say Not as I do. We need to Cashin Cuomo ! Editorial: Mr. Cuomo parses ethics https://t.co/r8hQkUqnee via‚Ä¶ https://t.co/rnQc4Uz2SG,73,@nytimes
465,0.4019,0.0,0.828,0.172,Mon Jul 30 18:02:59 +0000 2018,@chenausky1776 @ChrisPaigow @MarkReinoso @RealJamesWoods @Patrici15767099 @nytimes Chinese are way too smart to wan‚Ä¶ https://t.co/nyj4A6MKiV,74,@nytimes
466,0.0,0.0,1.0,0.0,Mon Jul 30 18:02:59 +0000 2018,@EehHorn @krelifa @AleGomezFabio @caleidoscopio71 @Ttaeyeon39 @teresaw37858022 @realDonaldTrump @AMDTY39 @guoda309‚Ä¶ https://t.co/s8ePXotmjx,75,@nytimes
467,-0.3818,0.221,0.698,0.081,Mon Jul 30 18:02:55 +0000 2018,RT @nytimes: Cardinal McCarrick‚Äôs resignation comes as Pope Francis faces increased pressure to show he is serious about cracking down on b‚Ä¶,76,@nytimes
468,0.4019,0.0,0.769,0.231,Mon Jul 30 18:02:53 +0000 2018,"An interesting idea for a story, via @nytimes + @natashanyt. #HigherEd https://t.co/CxsPGNMdHd",77,@nytimes
469,-0.8834,0.424,0.576,0.0,Mon Jul 30 18:02:52 +0000 2018,"RT @Paulalovestruth: @washingtonpost @nytimes The day after @Comey was fired. Sick.

Conspiracy in #CoupDetat against @realDonaldTrump http‚Ä¶",78,@nytimes
470,0.0,0.0,1.0,0.0,Mon Jul 30 18:02:52 +0000 2018,"RT @nytimes: With their eyes on jobs and revenue, small countries and territories, such as Bermuda, Malta and Gibraltar, are racing to beco‚Ä¶",79,@nytimes
471,0.3612,0.0,0.894,0.106,Mon Jul 30 18:02:50 +0000 2018,RT @AntiBDSApp: Israel‚Äôs official app is promoting comments that say Ahed Tamimi was ‚Äúinciting terrorism‚Äù and that ‚Äú8 months [in prison] is‚Ä¶,80,@nytimes
472,0.7326,0.095,0.621,0.284,Mon Jul 30 18:02:50 +0000 2018,"RT @DaveBautista: @CMPunk Man!! People change!! Win a few world wrestling titles,write a hit marvel comic series, fight in the ufc,and marr‚Ä¶",81,@nytimes
473,0.0,0.0,1.0,0.0,Mon Jul 30 18:02:49 +0000 2018,#30Jul 9:54 am Protesta de #enfermeros en Hospital Central #Valencia #Carabobo #Venezuela #crisishumanitaria #ONG‚Ä¶ https://t.co/I1HB57NAmC,82,@nytimes
474,0.5129,0.0,0.807,0.193,Mon Jul 30 18:02:48 +0000 2018,@markknoller @POTUS Mr Knoller.  Thank you. The only ‚ÄúJournalist‚Äù I have not blocked. You give the facts and hold o‚Ä¶ https://t.co/lIS4Sdu3Y4,83,@nytimes
475,-0.5574,0.175,0.825,0.0,Mon Jul 30 18:02:48 +0000 2018,RT @minkcave: Me in the @nytimes: Woman Says She Was Fired by Cricket Australia for Abortion-Rights Tweets https://t.co/b3b7MZ0Kw9,84,@nytimes
476,-0.25,0.134,0.772,0.093,Mon Jul 30 18:02:46 +0000 2018,RT @Paulalovestruth: @washingtonpost Why dont you asswipes try telling the sick truth that you at @nytimes conspire with the DC Democrats.‚Ä¶,85,@nytimes
477,-0.2382,0.109,0.819,0.072,Mon Jul 30 18:02:42 +0000 2018,"RT @krsratan: Is this just a lollipop given to men, @Manekagandhibjp stated many times to help men but no result #StandUp4Men, it's govt re‚Ä¶",86,@nytimes
478,-0.9001,0.395,0.539,0.066,Mon Jul 30 18:02:42 +0000 2018,"RT @_ImperatorRex_: @nytimes Cry me a river, you #fakenews frauds. You have lied 24/7 since Day 1, creating hatred and division.

Not to me‚Ä¶",87,@nytimes
479,0.0,0.0,1.0,0.0,Mon Jul 30 18:02:41 +0000 2018,"RT @cliffordlevy: @nytimes @realDonaldTrump Just as an aside:
I spent 5 years as an @nytimes correspondent in Russia.
The phrase ‚Äúenemy of‚Ä¶",88,@nytimes
480,0.0,0.0,1.0,0.0,Mon Jul 30 18:02:34 +0000 2018,"RT @peterdaou: Children are in cages, kidnapped from their mothers, but the @nytimes thinks we need another Maggie Haberman piece about how‚Ä¶",89,@nytimes
481,0.9512,0.0,0.544,0.456,Mon Jul 30 18:02:31 +0000 2018,RT @nytimes: A largely invisible but very important reason that health care is costing more in the United States than in other rich countri‚Ä¶,90,@nytimes
482,0.0,0.0,1.0,0.0,Mon Jul 30 18:02:31 +0000 2018,"RT @cliffordlevy: @nytimes @realDonaldTrump Just as an aside:
I spent 5 years as an @nytimes correspondent in Russia.
The phrase ‚Äúenemy of‚Ä¶",91,@nytimes
483,0.0,0.0,1.0,0.0,Mon Jul 30 18:02:31 +0000 2018,"RT @nytimes: More than three million students who graduated in 2018 took surveys with the ACT, the SAT or the PSAT. In filling out those su‚Ä¶",92,@nytimes
484,-0.802,0.231,0.769,0.0,Mon Jul 30 18:02:29 +0000 2018,"RT @nytimes: Her dead calf resting on her nose, an orca whale has swum in mourning for more than 3 days in the Pacific Northwest.

""I think‚Ä¶",93,@nytimes
485,-0.296,0.099,0.901,0.0,Mon Jul 30 18:02:26 +0000 2018,RT @NYTimesPR: .@dickstevenson returns to the Washington Bureau @nytimes after an extended European tour and a stop in New York where he‚Äôll‚Ä¶,94,@nytimes
486,0.0,0.0,1.0,0.0,Mon Jul 30 18:02:25 +0000 2018,"RT @NMAAHC: Our ""Represent: Hip Hop Photography"" exhibition pairs images from our Eyejammie Collection with historical photos and other rel‚Ä¶",95,@nytimes
487,0.3612,0.0,0.894,0.106,Mon Jul 30 18:02:25 +0000 2018,RT @AntiBDSApp: Israel‚Äôs official app is promoting comments that say Ahed Tamimi was ‚Äúinciting terrorism‚Äù and that ‚Äú8 months [in prison] is‚Ä¶,96,@nytimes
488,0.0,0.0,1.0,0.0,Mon Jul 30 18:02:22 +0000 2018,"RT @nytimes: With their eyes on jobs and revenue, small countries and territories, such as Bermuda, Malta and Gibraltar, are racing to beco‚Ä¶",97,@nytimes
489,-0.6908,0.235,0.684,0.081,Mon Jul 30 18:02:21 +0000 2018,RT @nytimes: A region that is already home to some of the world‚Äôs poorest and hungriest people could face greater misery if nothing is done‚Ä¶,98,@nytimes
490,0.296,0.136,0.644,0.22,Mon Jul 30 18:02:21 +0000 2018,"RT @smitabarooah: Dear @nytimes ,touched to see your concern for the illegal immigrants flooding my state/country. Kindly arrange for them‚Ä¶",99,@nytimes
491,0.0,0.0,1.0,0.0,Mon Jul 30 18:02:18 +0000 2018,@meetdspartan @nytimes Absolutely.... The US will the next Thermopylae.....,100,@nytimes
